[{"copyright": "\u00a9 Google", "date": "2018-08", "location": {"lat": 44.98884720645732, "lng": -92.6505472441463}, "pano_id": "mVduHlSUQCY3i29L72vq4g", "status": "OK", "_file": "gsv_0.jpg"}, {"copyright": "\u00a9 Google", "date": "2018-08", "location": {"lat": 44.98884711291466, "lng": -92.6511448882926}, "pano_id": "HcEurcY6UcrsuTRRTfkqjw", "status": "OK", "_file": "gsv_1.jpg"}, {"copyright": "\u00a9 Google", "date": "2018-08", "location": {"lat": 44.98884701937198, "lng": -92.6517425324389}, "pano_id": "7oISN4JHqVcTw-jZvAJDhA", "status": "OK", "_file": "gsv_2.jpg"}, {"copyright": "\u00a9 Google", "date": "2018-08", "location": {"lat": 44.988847, "lng": -92.6518663}, "pano_id": "4teKob2HkQmdLNC_CDrDUA", "status": "OK", "_file": "gsv_3.jpg"}, {"copyright": "\u00a9 Google", "date": "2018-08", "location": {"lat": 44.98884675446464, "lng": -92.65198074195787}, "pano_id": "GzFMxNXh1Cu26MRK8JHCSA", "status": "OK", "_file": "gsv_4.jpg"}, {"copyright": "\u00a9 Google", "date": "2018-08", "location": {"lat": 44.98884648164757, "lng": -92.65210789968883}, "pano_id": "2n0dhKcYiUPD2sZ1IlbFWw", "status": "OK", "_file": "gsv_5.jpg"}, {"copyright": "\u00a9 Google", "date": "2018-08", "location": {"lat": 44.98884599057684, "lng": -92.65233678360455}, "pano_id": "EA0e_lnchOB-Yzl_S90Gmw", "status": "OK", "_file": "gsv_6.jpg"}, {"copyright": "\u00a9 Google", "date": "2018-08", "location": {"lat": 44.98884470833661, "lng": -92.65293442494009}, "pano_id": "hxBFpue2kcJ71NapIH2z0Q", "status": "OK", "_file": "gsv_7.jpg"}, {"copyright": "\u00a9 Google", "date": "2018-08", "location": {"lat": 44.98884418998418, "lng": -92.6531760246289}, "pano_id": "ng_klQiQlIGR_yHHmA2JUQ", "status": "OK", "_file": "gsv_8.jpg"}, {"copyright": "\u00a9 Google", "date": "2018-08", "location": {"lat": 44.9888439171671, "lng": -92.65330318235986}, "pano_id": "0S5sQZ8qRodjg5kXm7Y69g", "status": "OK", "_file": "gsv_9.jpg"}, {"copyright": "\u00a9 Google", "date": "2018-08", "location": {"lat": 44.98884339881467, "lng": -92.6535447820487}, "pano_id": "UR9Ud6vSEGCsvZ3F3moUcQ", "status": "OK", "_file": "gsv_10.jpg"}, {"copyright": "\u00a9 Google", "date": "2018-08", "location": {"lat": 44.98884315327931, "lng": -92.65365922400657}, "pano_id": "yVWn_SW18eu77Sjx1GKrlg", "status": "OK", "_file": "gsv_11.jpg"}, {"copyright": "\u00a9 Google", "date": "2018-08", "location": {"lat": 44.98884263492687, "lng": -92.65390082369541}, "pano_id": "jdJtg6AZCOGJwUE35ccWQA", "status": "OK", "_file": "gsv_12.jpg"}, {"copyright": "\u00a9 Google", "date": "2018-08", "location": {"lat": 44.98884214385615, "lng": -92.65412970761113}, "pano_id": "xGzNCE5bDqgwcX0pWT5X9Q", "status": "OK", "_file": "gsv_13.jpg"}, {"copyright": "\u00a9 Google", "date": "2018-08", "location": {"lat": 44.98884165236749, "lng": -92.65437977023869}, "pano_id": "EqwTDq5HQuWDf27Fz-S7bg", "status": "OK", "_file": "gsv_14.jpg"}, {"copyright": "\u00a9 Google", "date": "2018-08", "location": {"lat": 44.98884135268665, "lng": -92.65449846503094}, "pano_id": "GPOCrAMlQZ0EMtEr7u2mkw", "status": "OK", "_file": "gsv_15.jpg"}, {"copyright": "\u00a9 Google", "date": "2018-08", "location": {"lat": 44.98884091180953, "lng": -92.65472581459706}, "pano_id": "P5r7pswyRGpEGjGEM6T5jw", "status": "OK", "_file": "gsv_16.jpg"}, {"copyright": "\u00a9 Google", "date": "2018-08", "location": {"lat": 44.98884017589954, "lng": -92.65506920437176}, "pano_id": "mWFTYrvULlBAZ0bMswn56A", "status": "OK", "_file": "gsv_17.jpg"}, {"copyright": "\u00a9 Google", "date": "2018-08", "location": {"lat": 44.98883943746844, "lng": -92.65541328892549}, "pano_id": "B4zp7JoFNY6JWWgjseVgrw", "status": "OK", "_file": "gsv_18.jpg"}, {"copyright": "\u00a9 Google", "date": "2018-08", "location": {"lat": 44.98883918977021, "lng": -92.6555286004271}, "pano_id": "axpmdPWkx6B4VsVZYwYp-Q", "status": "OK", "_file": "gsv_19.jpg"}, {"copyright": "\u00a9 Google", "date": "2018-08", "location": {"lat": 44.98883869297767, "lng": -92.65575971072215}, "pano_id": "nsc9SCmmflz_kf9RQkWfsg", "status": "OK", "_file": "gsv_20.jpg"}, {"copyright": "\u00a9 Google", "date": "2018-08", "location": {"lat": 44.98883844287504, "lng": -92.655875977696}, "pano_id": "Th3UAtzUHbZWuOufBuFJFg", "status": "OK", "_file": "gsv_21.jpg"}, {"copyright": "\u00a9 Google", "date": "2018-08", "location": {"lat": 44.98883794113002, "lng": -92.65610906226087}, "pano_id": "Xm7S1se8JeI-VbX2LYFunw", "status": "OK", "_file": "gsv_22.jpg"}, {"copyright": "\u00a9 Google", "date": "2018-08", "location": {"lat": 44.98883768986984, "lng": -92.656225701952}, "pano_id": "ohOFuAaPMnY_5_Ozzd2AkQ", "status": "OK", "_file": "gsv_23.jpg"}, {"copyright": "\u00a9 Google", "date": "2018-08", "location": {"lat": 44.98883718663952, "lng": -92.65645914537455}, "pano_id": "skuxlkyHxlb1ZG42IdeGKQ", "status": "OK", "_file": "gsv_24.jpg"}, {"copyright": "\u00a9 Google", "date": "2018-08", "location": {"lat": 44.98883693623785, "lng": -92.65657522203911}, "pano_id": "b9p8qcbpk_7_Zv_hqjdhAg", "status": "OK", "_file": "gsv_25.jpg"}, {"copyright": "\u00a9 Google", "date": "2018-08", "location": {"lat": 44.98883643753657, "lng": -92.65680623874113}, "pano_id": "9ECEQotOchrn8fompE1LRA", "status": "OK", "_file": "gsv_26.jpg"}, {"copyright": "\u00a9 Google", "date": "2018-08", "location": {"lat": 44.98883618855601, "lng": -92.65692149498342}, "pano_id": "senN4cJ9N-Sbet3XErsrTg", "status": "OK", "_file": "gsv_27.jpg"}, {"copyright": "\u00a9 Google", "date": "2018-08", "location": {"lat": 44.98883569082396, "lng": -92.65715174075294}, "pano_id": "WZ-DZwR_8fB2vieQsHjERw", "status": "OK", "_file": "gsv_28.jpg"}, {"copyright": "\u00a9 Google", "date": "2018-08", "location": {"lat": 44.98883519359979, "lng": -92.65738153820207}, "pano_id": "c-aQwsw9o0ewYYFqA_Bp4A", "status": "OK", "_file": "gsv_29.jpg"}, {"copyright": "\u00a9 Google", "date": "2018-08", "location": {"lat": 44.98883494502398, "lng": -92.65749634038286}, "pano_id": "tYpSbj1DfEYlwkvlJU8u3A", "status": "OK", "_file": "gsv_30.jpg"}, {"copyright": "\u00a9 Google", "date": "2018-08", "location": {"lat": 44.98883444729412, "lng": -92.65772605231383}, "pano_id": "9_K8CHwyXdmLHYCXqYD5ew", "status": "OK", "_file": "gsv_31.jpg"}, {"copyright": "\u00a9 Google", "date": "2018-08", "location": {"lat": 44.98883394939605, "lng": -92.65795562953868}, "pano_id": "u90PjNbIC59mXpFREVepJg", "status": "OK", "_file": "gsv_32.jpg"}, {"copyright": "\u00a9 Google", "date": "2018-08", "location": {"lat": 44.98883370046998, "lng": -92.65807032811131}, "pano_id": "XOUd1UdM8DLTZ105yPDOew", "status": "OK", "_file": "gsv_33.jpg"}, {"copyright": "\u00a9 Google", "date": "2018-08", "location": {"lat": 44.98883319545624, "lng": -92.65830048118671}, "pano_id": "QpDJs0L8HDTtxLszeHpGew", "status": "OK", "_file": "gsv_34.jpg"}, {"copyright": "\u00a9 Google", "date": "2018-08", "location": {"lat": 44.98883263246973, "lng": -92.65853566276594}, "pano_id": "SELXoZTSYQiHY9ewDqsgcQ", "status": "OK", "_file": "gsv_35.jpg"}, {"copyright": "\u00a9 Google", "date": "2018-08", "location": {"lat": 44.98883263246973, "lng": -92.65853566276594}, "pano_id": "SELXoZTSYQiHY9ewDqsgcQ", "status": "OK", "_file": "gsv_36.jpg"}, {"copyright": "\u00a9 Google", "date": "2018-08", "location": {"lat": 44.98883225552664, "lng": -92.65865010398932}, "pano_id": "kEsTBFBxutjF1XUGLRIWKQ", "status": "OK", "_file": "gsv_37.jpg"}, {"copyright": "\u00a9 Google", "date": "2018-08", "location": {"lat": 44.98883150164045, "lng": -92.65887898643611}, "pano_id": "O_DICHZYfxbk4YVvXZlMMA", "status": "OK", "_file": "gsv_38.jpg"}, {"copyright": "\u00a9 Google", "date": "2018-08", "location": {"lat": 44.98883112469736, "lng": -92.65899342765948}, "pano_id": "Z2V-8CTiy0GuP2ULZmBWJQ", "status": "OK", "_file": "gsv_39.jpg"}, {"copyright": "\u00a9 Google", "date": "2018-08", "location": {"lat": 44.98883037081116, "lng": -92.65922231010626}, "pano_id": "PqkWZ7P57RS00wngT2ikMw", "status": "OK", "_file": "gsv_40.jpg"}, {"copyright": "\u00a9 Google", "date": "2018-08", "location": {"lat": 44.98882999386807, "lng": -92.65933675132965}, "pano_id": "uv-vWNg-i9HavSNujS8dgw", "status": "OK", "_file": "gsv_41.jpg"}, {"copyright": "\u00a9 Google", "date": "2018-08", "location": {"lat": 44.98882923998188, "lng": -92.65956563377642}, "pano_id": "_aqRE79VmHl2fVHMk5jj7Q", "status": "OK", "_file": "gsv_42.jpg"}, {"copyright": "\u00a9 Google", "date": "2018-08", "location": {"lat": 44.98882886303879, "lng": -92.65968007499981}, "pano_id": "ZlsdCwG2v4hUuMWjjTuCoQ", "status": "OK", "_file": "gsv_43.jpg"}, {"copyright": "\u00a9 Google", "date": "2018-08", "location": {"lat": 44.9888281091526, "lng": -92.65990895744659}, "pano_id": "JAp2ZojR1y8IzUhi-gIijg", "status": "OK", "_file": "gsv_44.jpg"}, {"copyright": "\u00a9 Google", "date": "2018-08", "location": {"lat": 44.98882739714898, "lng": -92.66012512420187}, "pano_id": "ttd0FA4ilDRAWr6oHj2bvg", "status": "OK", "_file": "gsv_45.jpg"}, {"copyright": "\u00a9 Google", "date": "2018-08", "location": {"lat": 44.98882702020588, "lng": -92.66023956542526}, "pano_id": "EKlgECc935cNSFhCOuH7_Q", "status": "OK", "_file": "gsv_46.jpg"}, {"copyright": "\u00a9 Google", "date": "2018-08", "location": {"lat": 44.98882695433203, "lng": -92.66034742660776}, "pano_id": "naHDyqYcMSZt4uh_g2LPOg", "status": "OK", "_file": "gsv_47.jpg"}, {"copyright": "\u00a9 Google", "date": "2018-08", "location": {"lat": 44.98882686760426, "lng": -92.66055231396287}, "pano_id": "VNyjv75aT1Rlw1_ZOruIvA", "status": "OK", "_file": "gsv_48.jpg"}, {"copyright": "\u00a9 Google", "date": "2018-08", "location": {"lat": 44.98882682002886, "lng": -92.66066203177053}, "pano_id": "7-nKVWogOFAeDGlG85DqQA", "status": "OK", "_file": "gsv_49.jpg"}, {"copyright": "\u00a9 Google", "date": "2018-08", "location": {"lat": 44.98882671457518, "lng": -92.6608814912985}, "pano_id": "QpLByqq_0rg31r07q59JpA", "status": "OK", "_file": "gsv_50.jpg"}, {"copyright": "\u00a9 Google", "date": "2018-08", "location": {"lat": 44.98882662813911, "lng": -92.66110213070118}, "pano_id": "DjikiM4CBynOeSDRzRnocA", "status": "OK", "_file": "gsv_51.jpg"}, {"copyright": "\u00a9 Google", "date": "2018-08", "location": {"lat": 44.98882657977315, "lng": -92.66121245031599}, "pano_id": "aJQ8dYkhhYtxhtIzCdvNeQ", "status": "OK", "_file": "gsv_52.jpg"}, {"copyright": "\u00a9 Google", "date": "2018-08", "location": {"lat": 44.98882648256444, "lng": -92.66143344830687}, "pano_id": "IR_2do8BG_S5sFLT0lLMsg", "status": "OK", "_file": "gsv_53.jpg"}, {"copyright": "\u00a9 Google", "date": "2018-08", "location": {"lat": 44.98882643360042, "lng": -92.66154439968042}, "pano_id": "9H_LMf97chCB0CpVZgXmaQ", "status": "OK", "_file": "gsv_54.jpg"}, {"copyright": "\u00a9 Google", "date": "2018-08", "location": {"lat": 44.98882633477418, "lng": -92.6617676002271}, "pano_id": "T5CZ22uHqY6R5IBFO546YQ", "status": "OK", "_file": "gsv_55.jpg"}, {"copyright": "\u00a9 Google", "date": "2018-08", "location": {"lat": 44.98882623506697, "lng": -92.66199180197887}, "pano_id": "qrVVL8Ihj-e5Kl6bijpjCA", "status": "OK", "_file": "gsv_56.jpg"}, {"copyright": "\u00a9 Google", "date": "2018-08", "location": {"lat": 44.98882618512439, "lng": -92.66210373378186}, "pano_id": "dePkdBQ8uUMkNGFaqDHSkA", "status": "OK", "_file": "gsv_57.jpg"}, {"copyright": "\u00a9 Google", "date": "2018-08", "location": {"lat": 44.98882608507258, "lng": -92.66232723771581}, "pano_id": "2qVHtSEiUIRjojifawOkTA", "status": "OK", "_file": "gsv_58.jpg"}, {"copyright": "\u00a9 Google", "date": "2018-08", "location": {"lat": 44.98882603493745, "lng": -92.66243886902929}, "pano_id": "8WK-_5CPJRQ4HqwrfvzEEQ", "status": "OK", "_file": "gsv_59.jpg"}, {"copyright": "\u00a9 Google", "date": "2018-08", "location": {"lat": 44.98882593431247, "lng": -92.66266219474208}, "pano_id": "o7uZkMlOYyF-yGQl7pJf9Q", "status": "OK", "_file": "gsv_60.jpg"}, {"copyright": "\u00a9 Google", "date": "2018-08", "location": {"lat": 44.98882583292329, "lng": -92.66288624578077}, "pano_id": "e1mvJv2hbnAQu4q8Iq5woQ", "status": "OK", "_file": "gsv_61.jpg"}, {"copyright": "\u00a9 Google", "date": "2018-08", "location": {"lat": 44.98882578195452, "lng": -92.66299851314183}, "pano_id": "dG_2t3RFIndS8LCPVnUjpw", "status": "OK", "_file": "gsv_62.jpg"}, {"copyright": "\u00a9 Google", "date": "2018-08", "location": {"lat": 44.98882567948824, "lng": -92.6632234833484}, "pano_id": "f0b4CqpvU19RL1A-MzzWdg", "status": "OK", "_file": "gsv_63.jpg"}, {"copyright": "\u00a9 Google", "date": "2018-08", "location": {"lat": 44.98882562800174, "lng": -92.66333616024129}, "pano_id": "BzpJgHNH723sc9NOrSe1Cw", "status": "OK", "_file": "gsv_64.jpg"}, {"copyright": "\u00a9 Google", "date": "2018-08", "location": {"lat": 44.98882552458902, "lng": -92.66356174766061}, "pano_id": "FfnTIDPDD2tJ43Ug8cIM4g", "status": "OK", "_file": "gsv_65.jpg"}, {"copyright": "\u00a9 Google", "date": "2018-08", "location": {"lat": 44.98882547268377, "lng": -92.66367461166752}, "pano_id": "jPajQdwYPpemeOnyGo4_NQ", "status": "OK", "_file": "gsv_66.jpg"}, {"copyright": "\u00a9 Google", "date": "2018-08", "location": {"lat": 44.98882536861245, "lng": -92.66390018249047}, "pano_id": "O33NUFSB3c76gH3_SVFrmw", "status": "OK", "_file": "gsv_67.jpg"}, {"copyright": "\u00a9 Google", "date": "2018-08", "location": {"lat": 44.98882526416357, "lng": -92.66412561013159}, "pano_id": "c8yZ3DY3-DJSh1AD9cyblA", "status": "OK", "_file": "gsv_68.jpg"}, {"copyright": "\u00a9 Google", "date": "2018-08", "location": {"lat": 44.98882520753213, "lng": -92.66423846935457}, "pano_id": "XGvHkQSBanWTmwGmRcTsEA", "status": "OK", "_file": "gsv_69.jpg"}, {"copyright": "\u00a9 Google", "date": "2018-08", "location": {"lat": 44.9888251068896, "lng": -92.66446325757818}, "pano_id": "zRYH8mk_PH4vmkJks5YV3Q", "status": "OK", "_file": "gsv_70.jpg"}, {"copyright": "\u00a9 Google", "date": "2018-08", "location": {"lat": 44.9888251068896, "lng": -92.66446325757818}, "pano_id": "zRYH8mk_PH4vmkJks5YV3Q", "status": "OK", "_file": "gsv_71.jpg"}, {"copyright": "\u00a9 Google", "date": "2018-08", "location": {"lat": 44.98882483882107, "lng": -92.66457527687552}, "pano_id": "H8TB8BIrY2lbHwQlNu02BA", "status": "OK", "_file": "gsv_72.jpg"}, {"copyright": "\u00a9 Google", "date": "2018-08", "location": {"lat": 44.98882423601543, "lng": -92.66479967631177}, "pano_id": "urDov2fkd7U1tBGQUpM2sg", "status": "OK", "_file": "gsv_73.jpg"}, {"copyright": "\u00a9 Google", "date": "2018-08", "location": {"lat": 44.98882393370666, "lng": -92.66491215173606}, "pano_id": "AGVxBzdv-UigWP79JCPE2w", "status": "OK", "_file": "gsv_74.jpg"}, {"copyright": "\u00a9 Google", "date": "2018-08", "location": {"lat": 44.98882332709714, "lng": -92.66513771991097}, "pano_id": "XIPQOr1b32jpvFZ6ANg1jQ", "status": "OK", "_file": "gsv_75.jpg"}, {"copyright": "\u00a9 Google", "date": "2018-08", "location": {"lat": 44.98882271664416, "lng": -92.6653645507824}, "pano_id": "V7gy0i7B1ABHDWspLfaFww", "status": "OK", "_file": "gsv_76.jpg"}, {"copyright": "\u00a9 Google", "date": "2018-08", "location": {"lat": 44.9888224100639, "lng": -92.66547840636012}, "pano_id": "GQTGCEP3xC0C8V3cQ8GNhg", "status": "OK", "_file": "gsv_77.jpg"}, {"copyright": "\u00a9 Google", "date": "2018-08", "location": {"lat": 44.98882179421486, "lng": -92.66570698911136}, "pano_id": "Vs5c3A2c36thNpqtobIO8g", "status": "OK", "_file": "gsv_78.jpg"}, {"copyright": "\u00a9 Google", "date": "2018-08", "location": {"lat": 44.98882148603182, "lng": -92.66582131294739}, "pano_id": "VJvrZGL6idngXeO35lPgNg", "status": "OK", "_file": "gsv_79.jpg"}, {"copyright": "\u00a9 Google", "date": "2018-08", "location": {"lat": 44.98882086876144, "lng": -92.6660501689557}, "pano_id": "pnN0rJMFSRFlz8ng3OvnOg", "status": "OK", "_file": "gsv_80.jpg"}, {"copyright": "\u00a9 Google", "date": "2018-08", "location": {"lat": 44.98882055991974, "lng": -92.66616460996157}, "pano_id": "hdhpGTCdNkosoZpLC4Jeuw", "status": "OK", "_file": "gsv_81.jpg"}, {"copyright": "\u00a9 Google", "date": "2018-08", "location": {"lat": 44.98881994235526, "lng": -92.66639332102213}, "pano_id": "Imn37woIY0ikkqTFLhgCTQ", "status": "OK", "_file": "gsv_82.jpg"}, {"copyright": "\u00a9 Google", "date": "2018-08", "location": {"lat": 44.98881963354402, "lng": -92.6665076239337}, "pano_id": "EsdeBsVpJoSgfHloD2SBHQ", "status": "OK", "_file": "gsv_83.jpg"}, {"copyright": "\u00a9 Google", "date": "2018-08", "location": {"lat": 44.98881901649975, "lng": -92.6667358894436}, "pano_id": "LMe4U4wFSrM5jBqz6dFPbQ", "status": "OK", "_file": "gsv_84.jpg"}, {"copyright": "\u00a9 Google", "date": "2018-08", "location": {"lat": 44.98881840022149, "lng": -92.66696370387005}, "pano_id": "eAxcZKRu1jvHn9jr6OfmZg", "status": "OK", "_file": "gsv_85.jpg"}, {"copyright": "\u00a9 Google", "date": "2018-08", "location": {"lat": 44.98881809259961, "lng": -92.66707735727174}, "pano_id": "10wRic-VjWSvbkQVrqvMsg", "status": "OK", "_file": "gsv_86.jpg"}, {"copyright": "\u00a9 Google", "date": "2018-08", "location": {"lat": 44.98881748592783, "lng": -92.6673008931635}, "pano_id": "BkEQupsM7gfIL2WlAg1cDg", "status": "OK", "_file": "gsv_87.jpg"}, {"copyright": "\u00a9 Google", "date": "2018-08", "location": {"lat": 44.9888172, "lng": -92.6674069}, "pano_id": "FZToc_3MrJZHAYkkOLIOCQ", "status": "OK", "_file": "gsv_88.jpg"}, {"copyright": "\u00a9 Google", "date": "2018-08", "location": {"lat": 44.9888172, "lng": -92.6674069}, "pano_id": "FZToc_3MrJZHAYkkOLIOCQ", "status": "OK", "_file": "gsv_89.jpg"}, {"copyright": "\u00a9 Google", "date": "2018-08", "location": {"lat": 44.98881629026201, "lng": -92.66763578123496}, "pano_id": "7jU1Ahq5-HlioGdtT7erzQ", "status": "OK", "_file": "gsv_90.jpg"}, {"copyright": "\u00a9 Google", "date": "2018-08", "location": {"lat": 44.98881583539301, "lng": -92.66775022185244}, "pano_id": "o_jVNIn9WPt9CiFEPQdJ3w", "status": "OK", "_file": "gsv_91.jpg"}, {"copyright": "\u00a9 Google", "date": "2018-08", "location": {"lat": 44.98881492565501, "lng": -92.6679791030874}, "pano_id": "Y0HfxeG1rcQX-yaAu-UCqQ", "status": "OK", "_file": "gsv_92.jpg"}, {"copyright": "\u00a9 Google", "date": "2018-08", "location": {"lat": 44.98881402667253, "lng": -92.66820775951558}, "pano_id": "pjAoD1g3CST7Z8HeS8cCog", "status": "OK", "_file": "gsv_93.jpg"}, {"copyright": "\u00a9 Google", "date": "2018-08", "location": {"lat": 44.98881358234996, "lng": -92.66831978154859}, "pano_id": "e6l5XLPlRYss39ujvCb2ug", "status": "OK", "_file": "gsv_94.jpg"}, {"copyright": "\u00a9 Google", "date": "2018-08", "location": {"lat": 44.98881269517218, "lng": -92.66854337310834}, "pano_id": "u1N8EFSVR4lPeSkKrvCvxQ", "status": "OK", "_file": "gsv_95.jpg"}, {"copyright": "\u00a9 Google", "date": "2018-08", "location": {"lat": 44.98881225261869, "lng": -92.66865486685276}, "pano_id": "GEWpZfyb7VFXZnUWYVMthg", "status": "OK", "_file": "gsv_96.jpg"}, {"copyright": "\u00a9 Google", "date": "2018-08", "location": {"lat": 44.98881137160541, "lng": -92.66887674169298}, "pano_id": "9BOfzzKc2GwcSxcNER1zng", "status": "OK", "_file": "gsv_97.jpg"}, {"copyright": "\u00a9 Google", "date": "2018-08", "location": {"lat": 44.988810496122, "lng": -92.66909711678741}, "pano_id": "CYZrum3ARrWI7cOfXj9uwA", "status": "OK", "_file": "gsv_98.jpg"}, {"copyright": "\u00a9 Google", "date": "2018-08", "location": {"lat": 44.98881006036172, "lng": -92.66920676582505}, "pano_id": "1-uudrKUNqkZY1K9ij6PGw", "status": "OK", "_file": "gsv_99.jpg"}, {"copyright": "\u00a9 Google", "date": "2018-08", "location": {"lat": 44.98880919270096, "lng": -92.6694250140944}, "pano_id": "_uSTSy-_R8iEJh_wG3XmhA", "status": "OK", "_file": "gsv_100.jpg"}, {"copyright": "\u00a9 Google", "date": "2018-08", "location": {"lat": 44.9888079020773, "lng": -92.66974945967345}, "pano_id": "K-ckRHWUghosu_yP-wm04Q", "status": "OK", "_file": "gsv_101.jpg"}]