[{"copyright": "\u00a9 Google", "date": "2016-10", "location": {"lat": 45.40959022050971, "lng": -92.07682260527457}, "pano_id": "9lMkPzq2-H8SPI3uDYAIgQ", "status": "OK", "_file": "gsv_0.jpg"}, {"copyright": "\u00a9 Google", "date": "2016-10", "location": {"lat": 45.40958993094164, "lng": -92.07670215203667}, "pano_id": "shiXCfFF-gQ_DWthiyBBpw", "status": "OK", "_file": "gsv_1.jpg"}, {"copyright": "\u00a9 Google", "date": "2016-10", "location": {"lat": 45.40958964183223, "lng": -92.07658194210347}, "pano_id": "R0TPfCjVyVfjtdzTFEbVOg", "status": "OK", "_file": "gsv_2.jpg"}, {"copyright": "\u00a9 Google", "date": "2016-10", "location": {"lat": 45.40958935302992, "lng": -92.07646191216732}, "pano_id": "opOV_VEgHk_O2jBdBqK8hw", "status": "OK", "_file": "gsv_3.jpg"}, {"copyright": "\u00a9 Google", "date": "2016-10", "location": {"lat": 45.40958906384603, "lng": -92.0763417759628}, "pano_id": "ra5wEmx8hPC7s65QA2hUTA", "status": "OK", "_file": "gsv_4.jpg"}, {"copyright": "\u00a9 Google", "date": "2016-10", "location": {"lat": 45.40958877515489, "lng": -92.07622189661329}, "pano_id": "tPb3sqj625bCw50Fx5_wIg", "status": "OK", "_file": "gsv_5.jpg"}, {"copyright": "\u00a9 Google", "date": "2016-10", "location": {"lat": 45.40958848581054, "lng": -92.07610179823403}, "pano_id": "aWkEJcAG_cNd2mlIbfuqnA", "status": "OK", "_file": "gsv_6.jpg"}, {"copyright": "\u00a9 Google", "date": "2016-10", "location": {"lat": 45.40958760520109, "lng": -92.07573853134524}, "pano_id": "9EvvNUZ4eLsl9sFgXYNMBA", "status": "OK", "_file": "gsv_7.jpg"}, {"copyright": "\u00a9 Google", "date": "2016-10", "location": {"lat": 45.40958729796439, "lng": -92.07561042997935}, "pano_id": "EDAgW6mAO_kxPthGtJTpHA", "status": "OK", "_file": "gsv_8.jpg"}, {"copyright": "\u00a9 Google", "date": "2016-10", "location": {"lat": 45.40958699072768, "lng": -92.07548232861346}, "pano_id": "vczCPSoQDMiTr3tMX8TdPA", "status": "OK", "_file": "gsv_9.jpg"}, {"copyright": "\u00a9 Google", "date": "2016-10", "location": {"lat": 45.40958699072768, "lng": -92.07548232861346}, "pano_id": "vczCPSoQDMiTr3tMX8TdPA", "status": "OK", "_file": "gsv_10.jpg"}, {"copyright": "\u00a9 Google", "date": "2016-10", "location": {"lat": 45.40958664272674, "lng": -92.07536763961443}, "pano_id": "ZSfWBGQ40ZoQB1W6Lp1tsg", "status": "OK", "_file": "gsv_11.jpg"}, {"copyright": "\u00a9 Google", "date": "2016-10", "location": {"lat": 45.40958625681686, "lng": -92.07525234903608}, "pano_id": "HKxMJsN66jHfNJ-bHD08mQ", "status": "OK", "_file": "gsv_12.jpg"}, {"copyright": "\u00a9 Google", "date": "2016-10", "location": {"lat": 45.40958587090697, "lng": -92.07513705845773}, "pano_id": "GHd-le9rIVPGF8Pd54Ev9g", "status": "OK", "_file": "gsv_13.jpg"}, {"copyright": "\u00a9 Google", "date": "2016-10", "location": {"lat": 45.40958548437467, "lng": -92.07502122208432}, "pano_id": "s5i8VEq9zcdkxSYM2p0N-Q", "status": "OK", "_file": "gsv_14.jpg"}, {"copyright": "\u00a9 Google", "date": "2016-10", "location": {"lat": 45.40958469285897, "lng": -92.07478475908715}, "pano_id": "hpzTAxBRJVnmFvkDiTFc6w", "status": "OK", "_file": "gsv_15.jpg"}, {"copyright": "\u00a9 Google", "date": "2016-10", "location": {"lat": 45.40958429818373, "lng": -92.07466690544186}, "pano_id": "PjIBxjIIeK78PFnBazB3Hw", "status": "OK", "_file": "gsv_16.jpg"}, {"copyright": "\u00a9 Google", "date": "2016-10", "location": {"lat": 45.40958351251223, "lng": -92.0744324043823}, "pano_id": "s0guGPBrX0Cq8Y6cImbSQw", "status": "OK", "_file": "gsv_17.jpg"}, {"copyright": "\u00a9 Google", "date": "2016-10", "location": {"lat": 45.40958334887599, "lng": -92.07431580361495}, "pano_id": "sKwFmnTZkLEjDJ0xbgHZvA", "status": "OK", "_file": "gsv_18.jpg"}, {"copyright": "\u00a9 Google", "date": "2016-10", "location": {"lat": 45.40958334887599, "lng": -92.07431580361495}, "pano_id": "sKwFmnTZkLEjDJ0xbgHZvA", "status": "OK", "_file": "gsv_19.jpg"}, {"copyright": "\u00a9 Google", "date": "2016-10", "location": {"lat": 45.40958345592983, "lng": -92.07419919269344}, "pano_id": "Ebxct8zM9CwTEoOLVtHMnQ", "status": "OK", "_file": "gsv_20.jpg"}, {"copyright": "\u00a9 Google", "date": "2016-10", "location": {"lat": 45.40958356254671, "lng": -92.07408292909066}, "pano_id": "4NiRcqq3D0-2vz8QdwbtaQ", "status": "OK", "_file": "gsv_21.jpg"}, {"copyright": "\u00a9 Google", "date": "2016-10", "location": {"lat": 45.40958366889016, "lng": -92.07396683531645}, "pano_id": "SDVrIY5pqKZINDU97axR0Q", "status": "OK", "_file": "gsv_22.jpg"}, {"copyright": "\u00a9 Google", "date": "2016-10", "location": {"lat": 45.40958377507841, "lng": -92.07385078265233}, "pano_id": "bUwgrGOC-15FwTqwdNfq1Q", "status": "OK", "_file": "gsv_23.jpg"}, {"copyright": "\u00a9 Google", "date": "2016-10", "location": {"lat": 45.40958388120813, "lng": -92.07373466540835}, "pano_id": "8zNLpJKAXCwrNG6Q9ztjvw", "status": "OK", "_file": "gsv_24.jpg"}, {"copyright": "\u00a9 Google", "date": "2016-10", "location": {"lat": 45.40958398724393, "lng": -92.07361852214994}, "pano_id": "fWI2AfAkhgEn5otpTfCUBQ", "status": "OK", "_file": "gsv_25.jpg"}, {"copyright": "\u00a9 Google", "date": "2016-10", "location": {"lat": 45.4095840933421, "lng": -92.07350218134442}, "pano_id": "k5AekcG35ZyqZsI5u1GXqg", "status": "OK", "_file": "gsv_26.jpg"}, {"copyright": "\u00a9 Google", "date": "2016-10", "location": {"lat": 45.4095843, "lng": -92.0732752}, "pano_id": "Iga6RWYhWKnThObl2uv-6A", "status": "OK", "_file": "gsv_27.jpg"}, {"copyright": "\u00a9 Google", "date": "2016-10", "location": {"lat": 45.4095843, "lng": -92.0732752}, "pano_id": "Iga6RWYhWKnThObl2uv-6A", "status": "OK", "_file": "gsv_28.jpg"}, {"copyright": "\u00a9 Google", "date": "2016-10", "location": {"lat": 45.40958276848056, "lng": -92.07315148340818}, "pano_id": "rcLghrsI9cX_Hm-fLxD9NA", "status": "OK", "_file": "gsv_29.jpg"}, {"copyright": "\u00a9 Google", "date": "2016-10", "location": {"lat": 45.40958276848056, "lng": -92.07315148340818}, "pano_id": "rcLghrsI9cX_Hm-fLxD9NA", "status": "OK", "_file": "gsv_30.jpg"}, {"copyright": "\u00a9 Google", "date": "2016-10", "location": {"lat": 45.40958270341672, "lng": -92.07303394913605}, "pano_id": "95XX42t-_nTKXa9ymSFPzA", "status": "OK", "_file": "gsv_31.jpg"}, {"copyright": "\u00a9 Google", "date": "2016-10", "location": {"lat": 45.40958263822012, "lng": -92.07291639282668}, "pano_id": "xfkL6kSIcsEp60LHw2Of9w", "status": "OK", "_file": "gsv_32.jpg"}, {"copyright": "\u00a9 Google", "date": "2016-10", "location": {"lat": 45.40958250726644, "lng": -92.0726809235908}, "pano_id": "OpEXcGngQ-dDXRfZ8K9YAw", "status": "OK", "_file": "gsv_33.jpg"}, {"copyright": "\u00a9 Google", "date": "2016-10", "location": {"lat": 45.40958244167617, "lng": -92.07256331076451}, "pano_id": "NckNdp2MsoLpIHQQl_MMKQ", "status": "OK", "_file": "gsv_34.jpg"}, {"copyright": "\u00a9 Google", "date": "2016-10", "location": {"lat": 45.40958237228029, "lng": -92.072439887684}, "pano_id": "eNnyCa-FzIUAq7DpkNEWMg", "status": "OK", "_file": "gsv_35.jpg"}, {"copyright": "\u00a9 Google", "date": "2016-10", "location": {"lat": 45.40958230099367, "lng": -92.07231178563134}, "pano_id": "aLTSyX8g9PFVXTOJiwYkFQ", "status": "OK", "_file": "gsv_36.jpg"}, {"copyright": "\u00a9 Google", "date": "2016-10", "location": {"lat": 45.40958230099367, "lng": -92.07231178563134}, "pano_id": "aLTSyX8g9PFVXTOJiwYkFQ", "status": "OK", "_file": "gsv_37.jpg"}, {"copyright": "\u00a9 Google", "date": "2016-10", "location": {"lat": 45.40958137694069, "lng": -92.07209158563488}, "pano_id": "oI5N2AJQgjJ2gEVZndTx6A", "status": "OK", "_file": "gsv_38.jpg"}, {"copyright": "\u00a9 Google", "date": "2016-10", "location": {"lat": 45.409580875497, "lng": -92.07197297525917}, "pano_id": "LaRBnwpu_dNlcYP_qbhCZw", "status": "OK", "_file": "gsv_39.jpg"}, {"copyright": "\u00a9 Google", "date": "2016-10", "location": {"lat": 45.40958037204093, "lng": -92.0718539180859}, "pano_id": "DI69X8DfGvNQ7sXRyXt8Vg", "status": "OK", "_file": "gsv_40.jpg"}, {"copyright": "\u00a9 Google", "date": "2016-10", "location": {"lat": 45.40957986784144, "lng": -92.07173471441207}, "pano_id": "ZQTq_hmuPPUlpl2biD_Hdw", "status": "OK", "_file": "gsv_41.jpg"}, {"copyright": "\u00a9 Google", "date": "2016-10", "location": {"lat": 45.40957936444001, "lng": -92.07161572865039}, "pano_id": "fZk-aPYQ2dW6Op5HinzuiA", "status": "OK", "_file": "gsv_42.jpg"}, {"copyright": "\u00a9 Google", "date": "2016-10", "location": {"lat": 45.40957886145767, "lng": -92.07149687110243}, "pano_id": "OAxPwWIcz96KYMJ3RBP0qg", "status": "OK", "_file": "gsv_43.jpg"}, {"copyright": "\u00a9 Google", "date": "2016-10", "location": {"lat": 45.40957835923979, "lng": -92.07137822325687}, "pano_id": "RUdO47SaK8ZcCHcZv9Z2qw", "status": "OK", "_file": "gsv_44.jpg"}, {"copyright": "\u00a9 Google", "date": "2016-10", "location": {"lat": 45.40957785791832, "lng": -92.07125981612154}, "pano_id": "IHRcl3Lfc-qD8zP41ia5Mg", "status": "OK", "_file": "gsv_45.jpg"}, {"copyright": "\u00a9 Google", "date": "2016-10", "location": {"lat": 45.40957735822012, "lng": -92.07114182112498}, "pano_id": "3wKbkcV8L-BOyTJmk59gzg", "status": "OK", "_file": "gsv_46.jpg"}, {"copyright": "\u00a9 Google", "date": "2016-10", "location": {"lat": 45.40957685969339, "lng": -92.07102413133282}, "pano_id": "1j9HqIrszwGoP2AQAkSUZw", "status": "OK", "_file": "gsv_47.jpg"}, {"copyright": "\u00a9 Google", "date": "2016-10", "location": {"lat": 45.40957636220531, "lng": -92.0709067151746}, "pano_id": "zfQQ8rgsC1cl71R0rDmcgQ", "status": "OK", "_file": "gsv_48.jpg"}, {"copyright": "\u00a9 Google", "date": "2016-10", "location": {"lat": 45.4095758661739, "lng": -92.0707896710786}, "pano_id": "U_TmLQobEao31Wj_64oF_g", "status": "OK", "_file": "gsv_49.jpg"}, {"copyright": "\u00a9 Google", "date": "2016-10", "location": {"lat": 45.40957487039051, "lng": -92.07055503336808}, "pano_id": "sm54vkcq1NIOorLblwPaww", "status": "OK", "_file": "gsv_50.jpg"}, {"copyright": "\u00a9 Google", "date": "2016-10", "location": {"lat": 45.40957432808325, "lng": -92.07042693361393}, "pano_id": "vxT_VWjCNVEkgtWkQ6wvZQ", "status": "OK", "_file": "gsv_51.jpg"}, {"copyright": "\u00a9 Google", "date": "2016-10", "location": {"lat": 45.40957432808325, "lng": -92.07042693361393}, "pano_id": "vxT_VWjCNVEkgtWkQ6wvZQ", "status": "OK", "_file": "gsv_52.jpg"}, {"copyright": "\u00a9 Google", "date": "2016-10", "location": {"lat": 45.40957370414274, "lng": -92.07031782186122}, "pano_id": "hRK5TsxaHZXvncBBJmhvPA", "status": "OK", "_file": "gsv_53.jpg"}, {"copyright": "\u00a9 Google", "date": "2016-10", "location": {"lat": 45.40957303380332, "lng": -92.07020253395513}, "pano_id": "v2GVoEdFCCuRelOartK5cw", "status": "OK", "_file": "gsv_54.jpg"}, {"copyright": "\u00a9 Google", "date": "2016-10", "location": {"lat": 45.4095723634639, "lng": -92.07008724604901}, "pano_id": "CFetivbvNb9kzNpxxv4l_Q", "status": "OK", "_file": "gsv_55.jpg"}, {"copyright": "\u00a9 Google", "date": "2016-10", "location": {"lat": 45.40957169312448, "lng": -92.06997195814289}, "pano_id": "_KgGvYcu-w58Ke6FKiZsKQ", "status": "OK", "_file": "gsv_56.jpg"}, {"copyright": "\u00a9 Google", "date": "2016-10", "location": {"lat": 45.40957102278506, "lng": -92.06985667023679}, "pano_id": "7eyMIRRoIqoxXEH-qG8Emg", "status": "OK", "_file": "gsv_57.jpg"}, {"copyright": "\u00a9 Google", "date": "2016-10", "location": {"lat": 45.40957034861903, "lng": -92.06974050948753}, "pano_id": "1x4_94trY1RouuBStiBtAw", "status": "OK", "_file": "gsv_58.jpg"}, {"copyright": "\u00a9 Google", "date": "2016-10", "location": {"lat": 45.40956898436408, "lng": -92.0695059658008}, "pano_id": "mQbe0zamWxZ3aWMeHeYnrw", "status": "OK", "_file": "gsv_59.jpg"}, {"copyright": "\u00a9 Google", "date": "2016-10", "location": {"lat": 45.40956829893506, "lng": -92.0693881574943}, "pano_id": "26SHWcOjpoRVeJvvv7fKrA", "status": "OK", "_file": "gsv_60.jpg"}, {"copyright": "\u00a9 Google", "date": "2016-10", "location": {"lat": 45.40956794124445, "lng": -92.06927030919924}, "pano_id": "hSlHU6iTDotEbOR4WGAbmg", "status": "OK", "_file": "gsv_61.jpg"}, {"copyright": "\u00a9 Google", "date": "2016-10", "location": {"lat": 45.40956794124445, "lng": -92.06927030919924}, "pano_id": "hSlHU6iTDotEbOR4WGAbmg", "status": "OK", "_file": "gsv_62.jpg"}, {"copyright": "\u00a9 Google", "date": "2016-10", "location": {"lat": 45.40956804010499, "lng": -92.06915205871589}, "pano_id": "096faRoWnEWjPMwsFp_kzg", "status": "OK", "_file": "gsv_63.jpg"}, {"copyright": "\u00a9 Google", "date": "2016-10", "location": {"lat": 45.40956813900491, "lng": -92.06903361481714}, "pano_id": "aRFTkYV5Z9WTrde-Zxw_Ug", "status": "OK", "_file": "gsv_64.jpg"}, {"copyright": "\u00a9 Google", "date": "2016-10", "location": {"lat": 45.4095682378251, "lng": -92.06891511971399}, "pano_id": "UnL1B9Myi3sCcOMRcc86NA", "status": "OK", "_file": "gsv_65.jpg"}, {"copyright": "\u00a9 Google", "date": "2016-10", "location": {"lat": 45.40956833663837, "lng": -92.06879648573722}, "pano_id": "kZEtxwg4hhl4K5PSEcMGJQ", "status": "OK", "_file": "gsv_66.jpg"}, {"copyright": "\u00a9 Google", "date": "2016-10", "location": {"lat": 45.40956843532196, "lng": -92.06867786002907}, "pano_id": "78_Y5MzuYpL_J4yc2YjndA", "status": "OK", "_file": "gsv_67.jpg"}, {"copyright": "\u00a9 Google", "date": "2016-10", "location": {"lat": 45.40956863234051, "lng": -92.06844058480267}, "pano_id": "yl9rwetDoJuxEXPAvU2f8w", "status": "OK", "_file": "gsv_68.jpg"}, {"copyright": "\u00a9 Google", "date": "2016-10", "location": {"lat": 45.4095687305831, "lng": -92.06832204673574}, "pano_id": "EfVp62h1-LyeAeSOWxuBjA", "status": "OK", "_file": "gsv_69.jpg"}, {"copyright": "\u00a9 Google", "date": "2016-10", "location": {"lat": 45.40956885041166, "lng": -92.06820347723932}, "pano_id": "fnT00KMs5_hSd70jPCv_pQ", "status": "OK", "_file": "gsv_70.jpg"}, {"copyright": "\u00a9 Google", "date": "2016-10", "location": {"lat": 45.4095690227786, "lng": -92.06808469880063}, "pano_id": "rOtku4TTOW7Niqkxb1R0WQ", "status": "OK", "_file": "gsv_71.jpg"}, {"copyright": "\u00a9 Google", "date": "2016-10", "location": {"lat": 45.40956919515204, "lng": -92.0679658309572}, "pano_id": "krtrw1NvuOfNK_4I0aawlA", "status": "OK", "_file": "gsv_72.jpg"}, {"copyright": "\u00a9 Google", "date": "2016-10", "location": {"lat": 45.40956936755076, "lng": -92.06784686054739}, "pano_id": "Y27_aUrdDSGV8mvm2y_2sg", "status": "OK", "_file": "gsv_73.jpg"}, {"copyright": "\u00a9 Google", "date": "2016-10", "location": {"lat": 45.40956954008051, "lng": -92.06772771427923}, "pano_id": "uCA8U5XKkSth2THoST9vhQ", "status": "OK", "_file": "gsv_74.jpg"}, {"copyright": "\u00a9 Google", "date": "2016-10", "location": {"lat": 45.4095697, "lng": -92.0676172}, "pano_id": "brL9IG1BEqccWsBWHSSV5g", "status": "OK", "_file": "gsv_75.jpg"}, {"copyright": "\u00a9 Google", "date": "2016-10", "location": {"lat": 45.4095697, "lng": -92.0676172}, "pano_id": "brL9IG1BEqccWsBWHSSV5g", "status": "OK", "_file": "gsv_76.jpg"}, {"copyright": "\u00a9 Google", "date": "2016-10", "location": {"lat": 45.40956892023091, "lng": -92.06748910276156}, "pano_id": "NBRCbFn2diISjDAbrqzkOQ", "status": "OK", "_file": "gsv_77.jpg"}, {"copyright": "\u00a9 Google", "date": "2016-10", "location": {"lat": 45.40956819073149, "lng": -92.06736905353229}, "pano_id": "bALP9fQ6qhOkGLQ3-XglDg", "status": "OK", "_file": "gsv_78.jpg"}, {"copyright": "\u00a9 Google", "date": "2016-10", "location": {"lat": 45.40956746414169, "lng": -92.06724962272358}, "pano_id": "3k6kVG-GMrBnTRGdPooCCA", "status": "OK", "_file": "gsv_79.jpg"}, {"copyright": "\u00a9 Google", "date": "2016-10", "location": {"lat": 45.40956673928391, "lng": -92.06713049699476}, "pano_id": "fnCicYHXLpNw7T9Fum3RtQ", "status": "OK", "_file": "gsv_80.jpg"}, {"copyright": "\u00a9 Google", "date": "2016-10", "location": {"lat": 45.40956601594394, "lng": -92.06701164098955}, "pano_id": "fxPvXnGDnLpwiHb6bfLmNA", "status": "OK", "_file": "gsv_81.jpg"}, {"copyright": "\u00a9 Google", "date": "2016-10", "location": {"lat": 45.40956529500331, "lng": -92.06689319938896}, "pano_id": "pQfCDW2K7goYbHoT6AYDNw", "status": "OK", "_file": "gsv_82.jpg"}, {"copyright": "\u00a9 Google", "date": "2016-10", "location": {"lat": 45.40956385857392, "lng": -92.06665727178954}, "pano_id": "rxGiYPEnkBFpyGGfv3Drag", "status": "OK", "_file": "gsv_83.jpg"}, {"copyright": "\u00a9 Google", "date": "2016-10", "location": {"lat": 45.40956314314388, "lng": -92.06653979511407}, "pano_id": "B6l2SJuY9jCMbIv7d5iieg", "status": "OK", "_file": "gsv_84.jpg"}, {"copyright": "\u00a9 Google", "date": "2016-10", "location": {"lat": 45.40956242768739, "lng": -92.0664223338677}, "pano_id": "8e8z7wFK6tuuP1s8RshynA", "status": "OK", "_file": "gsv_85.jpg"}, {"copyright": "\u00a9 Google", "date": "2016-10", "location": {"lat": 45.40956171214854, "lng": -92.06630487886855}, "pano_id": "yO_Io849wFxWW1ocqIDxkQ", "status": "OK", "_file": "gsv_86.jpg"}, {"copyright": "\u00a9 Google", "date": "2016-10", "location": {"lat": 45.409561, "lng": -92.066188}, "pano_id": "--ZLedPfoivMxK-AdKJJIQ", "status": "OK", "_file": "gsv_87.jpg"}, {"copyright": "\u00a9 Google", "date": "2016-10", "location": {"lat": 45.409561, "lng": -92.066188}, "pano_id": "--ZLedPfoivMxK-AdKJJIQ", "status": "OK", "_file": "gsv_88.jpg"}, {"copyright": "\u00a9 Google", "date": "2016-10", "location": {"lat": 45.409560655017, "lng": -92.06606979252625}, "pano_id": "jDuaznYq1PgHn8Gto5yq-g", "status": "OK", "_file": "gsv_89.jpg"}, {"copyright": "\u00a9 Google", "date": "2016-10", "location": {"lat": 45.40956031085011, "lng": -92.06595190629588}, "pano_id": "zjoBWmNqngjgpXmk0N3cPA", "status": "OK", "_file": "gsv_90.jpg"}, {"copyright": "\u00a9 Google", "date": "2016-10", "location": {"lat": 45.40955996522258, "lng": -92.06583356153824}, "pano_id": "bFPjjBkVRIRTKShmfDahRw", "status": "OK", "_file": "gsv_91.jpg"}, {"copyright": "\u00a9 Google", "date": "2016-10", "location": {"lat": 45.40955961778335, "lng": -92.06571463859652}, "pano_id": "5WjwKDGHQBh2ww8vwEsyPA", "status": "OK", "_file": "gsv_92.jpg"}, {"copyright": "\u00a9 Google", "date": "2016-10", "location": {"lat": 45.40955926951982, "lng": -92.06559547587881}, "pano_id": "Uep3Sdzils6HywY5FQuJWg", "status": "OK", "_file": "gsv_93.jpg"}, {"copyright": "\u00a9 Google", "date": "2016-10", "location": {"lat": 45.40955892032147, "lng": -92.06547603585156}, "pano_id": "BjuSwRWhp5F0RSM-3xRpHA", "status": "OK", "_file": "gsv_94.jpg"}, {"copyright": "\u00a9 Google", "date": "2016-10", "location": {"lat": 45.40955857013942, "lng": -92.06535630208774}, "pano_id": "QhAnVy7gdiFmSyOV8hLUOQ", "status": "OK", "_file": "gsv_95.jpg"}, {"copyright": "\u00a9 Google", "date": "2016-10", "location": {"lat": 45.40955821915976, "lng": -92.06523633850591}, "pano_id": "JRS5mCHBYRCj7k_aDubEwg", "status": "OK", "_file": "gsv_96.jpg"}, {"copyright": "\u00a9 Google", "date": "2016-10", "location": {"lat": 45.40955785389727, "lng": -92.06511195219903}, "pano_id": "hKDWvfonYDl4diZqeiST8g", "status": "OK", "_file": "gsv_97.jpg"}, {"copyright": "\u00a9 Google", "date": "2016-10", "location": {"lat": 45.40955747936124, "lng": -92.06498385127036}, "pano_id": "fQ_ZCdMz2mXytCBaCIPigA", "status": "OK", "_file": "gsv_98.jpg"}, {"copyright": "\u00a9 Google", "date": "2016-10", "location": {"lat": 45.4095571048252, "lng": -92.06485575034166}, "pano_id": "KF2C5GrBQ7fOdgcfcV1ruw", "status": "OK", "_file": "gsv_99.jpg"}, {"copyright": "\u00a9 Google", "date": "2016-10", "location": {"lat": 45.4095571048252, "lng": -92.06485575034166}, "pano_id": "KF2C5GrBQ7fOdgcfcV1ruw", "status": "OK", "_file": "gsv_100.jpg"}, {"copyright": "\u00a9 Google", "date": "2016-10", "location": {"lat": 45.4095566783533, "lng": -92.06462351712928}, "pano_id": "8qMU6XwGtItsT63N4sAIfg", "status": "OK", "_file": "gsv_101.jpg"}, {"copyright": "\u00a9 Google", "date": "2016-10", "location": {"lat": 45.40955646752995, "lng": -92.0645082256939}, "pano_id": "ek2WaMY9S_jK7Moksbuigg", "status": "OK", "_file": "gsv_102.jpg"}, {"copyright": "\u00a9 Google", "date": "2016-10", "location": {"lat": 45.40955604588326, "lng": -92.06427764282316}, "pano_id": "-wCwDvDKzYwIASGoMhVNVw", "status": "OK", "_file": "gsv_103.jpg"}, {"copyright": "\u00a9 Google", "date": "2016-10", "location": {"lat": 45.4095558350599, "lng": -92.0641623513878}, "pano_id": "ffo-wI25_ZIwZ_FxlMySbg", "status": "OK", "_file": "gsv_104.jpg"}, {"copyright": "\u00a9 Google", "date": "2016-10", "location": {"lat": 45.40955562423656, "lng": -92.06404705995241}, "pano_id": "BLu6Vr6vVePCEA7EK-RyhA", "status": "OK", "_file": "gsv_105.jpg"}, {"copyright": "\u00a9 Google", "date": "2016-10", "location": {"lat": 45.40955541341321, "lng": -92.06393176851705}, "pano_id": "mU0z4_yDHwNUg-DzGOCtgg", "status": "OK", "_file": "gsv_106.jpg"}, {"copyright": "\u00a9 Google", "date": "2016-10", "location": {"lat": 45.40955520258986, "lng": -92.0638164770817}, "pano_id": "IyPbxOmCJHTqrhrCqkQC_w", "status": "OK", "_file": "gsv_107.jpg"}, {"copyright": "\u00a9 Google", "date": "2016-10", "location": {"lat": 45.40955499176651, "lng": -92.06370118564632}, "pano_id": "YPCfCDmsBodZ4WbNoFET3w", "status": "OK", "_file": "gsv_108.jpg"}, {"copyright": "\u00a9 Google", "date": "2016-10", "location": {"lat": 45.40955478094315, "lng": -92.06358589421095}, "pano_id": "OcuJWeLitBGBSPvMpMJj5A", "status": "OK", "_file": "gsv_109.jpg"}]