[{"copyright": "\u00a9 Google", "date": "2014-07", "location": {"lat": 40.01312587852713, "lng": -92.47513240882608}, "pano_id": "wdeiI-jPxB2j72a_S5W1LQ", "status": "OK", "_file": "gsv_0.jpg"}, {"copyright": "\u00a9 Google", "date": "2014-07", "location": {"lat": 40.01270137457974, "lng": -92.4751444692592}, "pano_id": "Le5tYXretzjhRWmT8cyraA", "status": "OK", "_file": "gsv_1.jpg"}, {"copyright": "\u00a9 Google", "date": "2014-07", "location": {"lat": 40.01228075051755, "lng": -92.4751565731924}, "pano_id": "7mawhypQYp9N554clSfS_w", "status": "OK", "_file": "gsv_2.jpg"}, {"copyright": "\u00a9 Google", "date": "2014-07", "location": {"lat": 40.01211271509795, "lng": -92.47516145326716}, "pano_id": "VsKwKCzVHvi72WEgnf4zFg", "status": "OK", "_file": "gsv_3.jpg"}, {"copyright": "\u00a9 Google", "date": "2014-07", "location": {"lat": 40.01194475353303, "lng": -92.47516633117301}, "pano_id": "C1LVRbqx1yeH2SvRaBTaCw", "status": "OK", "_file": "gsv_4.jpg"}, {"copyright": "\u00a9 Google", "date": "2014-07", "location": {"lat": 40.011860759913, "lng": -92.47516877048976}, "pano_id": "ZBpa1iA78yavNsdFK82BKw", "status": "OK", "_file": "gsv_5.jpg"}, {"copyright": "\u00a9 Google", "date": "2014-07", "location": {"lat": 40.01135717538627, "lng": -92.47518363448158}, "pano_id": "WOIkFS_VOYOpgjcVT1BKwg", "status": "OK", "_file": "gsv_6.jpg"}, {"copyright": "\u00a9 Google", "date": "2014-07", "location": {"lat": 40.01127325735435, "lng": -92.47518614017316}, "pano_id": "aO6OXHB_djMnF44QAVrcTA", "status": "OK", "_file": "gsv_7.jpg"}, {"copyright": "\u00a9 Google", "date": "2014-07", "location": {"lat": 40.0111012580828, "lng": -92.47519127584442}, "pano_id": "v_MpiUYKTj3DxzwljPE1gA", "status": "OK", "_file": "gsv_8.jpg"}, {"copyright": "\u00a9 Google", "date": "2014-07", "location": {"lat": 40.0111012580828, "lng": -92.47519127584442}, "pano_id": "v_MpiUYKTj3DxzwljPE1gA", "status": "OK", "_file": "gsv_9.jpg"}, {"copyright": "\u00a9 Google", "date": "2014-07", "location": {"lat": 40.01102132879077, "lng": -92.47519385538628}, "pano_id": "ofsze3CPAu1a2xliHytWnw", "status": "OK", "_file": "gsv_10.jpg"}, {"copyright": "\u00a9 Google", "date": "2014-07", "location": {"lat": 40.01085332577695, "lng": -92.47519929954933}, "pano_id": "wODiiPdijmxXFr4eSWpFUQ", "status": "OK", "_file": "gsv_11.jpg"}, {"copyright": "\u00a9 Google", "date": "2014-07", "location": {"lat": 40.01068519043285, "lng": -92.47520474797373}, "pano_id": "N2eMkoiutjEq6cWDNeaoCw", "status": "OK", "_file": "gsv_12.jpg"}, {"copyright": "\u00a9 Google", "date": "2014-07", "location": {"lat": 40.0105169330159, "lng": -92.47521020032703}, "pano_id": "R6w247WOiO-zZ0pIBAZ6eA", "status": "OK", "_file": "gsv_13.jpg"}, {"copyright": "\u00a9 Google", "date": "2014-07", "location": {"lat": 40.0103485277507, "lng": -92.4752156574444}, "pano_id": "uEBbqrFUznKtpXWlERfCAw", "status": "OK", "_file": "gsv_14.jpg"}, {"copyright": "\u00a9 Google", "date": "2014-07", "location": {"lat": 40.01026427276206, "lng": -92.47521838768955}, "pano_id": "OhEQy9ZzL4s8r4giuHJTIQ", "status": "OK", "_file": "gsv_15.jpg"}, {"copyright": "\u00a9 Google", "date": "2014-07", "location": {"lat": 40.01009597303199, "lng": -92.4752238413467}, "pano_id": "AKL9av_7oawYEHFedA_fZw", "status": "OK", "_file": "gsv_16.jpg"}, {"copyright": "\u00a9 Google", "date": "2014-07", "location": {"lat": 40.00992772660604, "lng": -92.47522929324968}, "pano_id": "IeWu99EyK-2s5A8hAxmdOA", "status": "OK", "_file": "gsv_17.jpg"}, {"copyright": "\u00a9 Google", "date": "2014-07", "location": {"lat": 40.00984356546479, "lng": -92.47523187587572}, "pano_id": "idnt9YZkNj9KQOHeK9IrEg", "status": "OK", "_file": "gsv_18.jpg"}, {"copyright": "\u00a9 Google", "date": "2014-07", "location": {"lat": 40.00967531688233, "lng": -92.47523677301021}, "pano_id": "P-vD4OalYdgHwlX3zWgENg", "status": "OK", "_file": "gsv_19.jpg"}, {"copyright": "\u00a9 Google", "date": "2014-07", "location": {"lat": 40.00950707947759, "lng": -92.47524166979521}, "pano_id": "bnK_MOw5r7S-m-0MunUDAA", "status": "OK", "_file": "gsv_20.jpg"}, {"copyright": "\u00a9 Google", "date": "2014-07", "location": {"lat": 40.00933866326118, "lng": -92.47524657176058}, "pano_id": "xicPrBx7wAxoC1QelU7vSQ", "status": "OK", "_file": "gsv_21.jpg"}, {"copyright": "\u00a9 Google", "date": "2014-07", "location": {"lat": 40.00925445750413, "lng": -92.47524902266576}, "pano_id": "QRlk9NqGB3aJiuQ6rH1HYA", "status": "OK", "_file": "gsv_22.jpg"}, {"copyright": "\u00a9 Google", "date": "2014-07", "location": {"lat": 40.00908609218776, "lng": -92.47525392311336}, "pano_id": "6axEBGZBErL4p7TVgfCJOA", "status": "OK", "_file": "gsv_23.jpg"}, {"copyright": "\u00a9 Google", "date": "2014-07", "location": {"lat": 40.00900187690898, "lng": -92.47525637427754}, "pano_id": "BYOaFwZELarplOsI6jtMnw", "status": "OK", "_file": "gsv_24.jpg"}, {"copyright": "\u00a9 Google", "date": "2014-07", "location": {"lat": 40.00883335823228, "lng": -92.47526127915252}, "pano_id": "Z2h3H-4_ZpFJHhar2T5uyw", "status": "OK", "_file": "gsv_25.jpg"}, {"copyright": "\u00a9 Google", "date": "2014-07", "location": {"lat": 40.00866471226084, "lng": -92.47526618770827}, "pano_id": "dF21ihtuEj8efllkLsNp3A", "status": "OK", "_file": "gsv_26.jpg"}, {"copyright": "\u00a9 Google", "date": "2014-07", "location": {"lat": 40.00858038965127, "lng": -92.47526864196611}, "pano_id": "G4vZk0ISQxo_qWxl7NleXQ", "status": "OK", "_file": "gsv_27.jpg"}, {"copyright": "\u00a9 Google", "date": "2014-07", "location": {"lat": 40.00841174153275, "lng": -92.47527355054797}, "pano_id": "SyFAeWuFlDkQLuiSpi68xA", "status": "OK", "_file": "gsv_28.jpg"}, {"copyright": "\u00a9 Google", "date": "2014-07", "location": {"lat": 40.00832744566909, "lng": -92.47527600400916}, "pano_id": "tSm6on4JXkS9QYzPAkub1A", "status": "OK", "_file": "gsv_29.jpg"}, {"copyright": "\u00a9 Google", "date": "2014-07", "location": {"lat": 40.00815882161933, "lng": -92.4752809118541}, "pano_id": "rLMPYkoKpS5-LCSB4nYo7g", "status": "OK", "_file": "gsv_30.jpg"}, {"copyright": "\u00a9 Google", "date": "2014-07", "location": {"lat": 40.0079061818881, "lng": -92.47528826495098}, "pano_id": "f4-ORxqyzYLJNvyNwQn8Vw", "status": "OK", "_file": "gsv_31.jpg"}, {"copyright": "\u00a9 Google", "date": "2014-07", "location": {"lat": 40.00773791069567, "lng": -92.47529316246548}, "pano_id": "IRn2-A2FsoMK905M-qp-qQ", "status": "OK", "_file": "gsv_32.jpg"}, {"copyright": "\u00a9 Google", "date": "2014-07", "location": {"lat": 40.00765380019457, "lng": -92.47529561048329}, "pano_id": "jPS01Ro318ZyN7ijO-syag", "status": "OK", "_file": "gsv_33.jpg"}, {"copyright": "\u00a9 Google", "date": "2014-07", "location": {"lat": 40.00748543067293, "lng": -92.4753005108234}, "pano_id": "9I1DugEd54a2nt-mYER5EQ", "status": "OK", "_file": "gsv_34.jpg"}, {"copyright": "\u00a9 Google", "date": "2014-07", "location": {"lat": 40.00740126017136, "lng": -92.47530296056938}, "pano_id": "H6tJMYop_970D0oY7z49Bg", "status": "OK", "_file": "gsv_35.jpg"}, {"copyright": "\u00a9 Google", "date": "2014-07", "location": {"lat": 40.00723276577012, "lng": -92.47530786450778}, "pano_id": "l0-206U4V9XEa2iUrBqeJQ", "status": "OK", "_file": "gsv_36.jpg"}, {"copyright": "\u00a9 Google", "date": "2014-07", "location": {"lat": 40.00706441940969, "lng": -92.47531276411335}, "pano_id": "wpDCjDYXz1uRiTLNSZ_IAw", "status": "OK", "_file": "gsv_37.jpg"}, {"copyright": "\u00a9 Google", "date": "2014-07", "location": {"lat": 40.00698031154089, "lng": -92.47531521200624}, "pano_id": "zPfqR9zCf0oHlF8hjWTTOg", "status": "OK", "_file": "gsv_38.jpg"}, {"copyright": "\u00a9 Google", "date": "2014-07", "location": {"lat": 40.00681248893851, "lng": -92.47532009622378}, "pano_id": "Sj5dyY9XZTv_0tOIWOoYQQ", "status": "OK", "_file": "gsv_39.jpg"}, {"copyright": "\u00a9 Google", "date": "2014-07", "location": {"lat": 40.0067299, "lng": -92.4753225}, "pano_id": "gCkCnjeVHjjt_RH1cdcqwQ", "status": "OK", "_file": "gsv_40.jpg"}, {"copyright": "\u00a9 Google", "date": "2014-07", "location": {"lat": 40.00656012708398, "lng": -92.47532725883589}, "pano_id": "CUD8lbasdfJWd4olnPSeCg", "status": "OK", "_file": "gsv_41.jpg"}, {"copyright": "\u00a9 Google", "date": "2014-07", "location": {"lat": 40.0063917686488, "lng": -92.47533197799964}, "pano_id": "eqC9XZKeschWZuSi7Dln7A", "status": "OK", "_file": "gsv_42.jpg"}, {"copyright": "\u00a9 Google", "date": "2014-07", "location": {"lat": 40.00613841354372, "lng": -92.47533918128437}, "pano_id": "JCEwEaLxeI001gtiSoIjqg", "status": "OK", "_file": "gsv_43.jpg"}, {"copyright": "\u00a9 Google", "date": "2014-07", "location": {"lat": 40.00605385042071, "lng": -92.47534171447344}, "pano_id": "zaZq4ykT6z9Ab76m9lV2aA", "status": "OK", "_file": "gsv_44.jpg"}, {"copyright": "\u00a9 Google", "date": "2014-07", "location": {"lat": 40.00588440106722, "lng": -92.47534679051176}, "pano_id": "w5XLHR2XuvGj21ZV62fnww", "status": "OK", "_file": "gsv_45.jpg"}, {"copyright": "\u00a9 Google", "date": "2014-07", "location": {"lat": 40.00579955826296, "lng": -92.47534933206009}, "pano_id": "3RDC67AJs2YyKc0PAjCBgg", "status": "OK", "_file": "gsv_46.jpg"}, {"copyright": "\u00a9 Google", "date": "2014-07", "location": {"lat": 40.00562974036998, "lng": -92.47535441910048}, "pano_id": "JRCBaXT6YEohHJyPZhvWkw", "status": "OK", "_file": "gsv_47.jpg"}, {"copyright": "\u00a9 Google", "date": "2014-07", "location": {"lat": 40.00554478304541, "lng": -92.4753569640604}, "pano_id": "MBT2yErqGCcsQJNwZ5G-iA", "status": "OK", "_file": "gsv_48.jpg"}, {"copyright": "\u00a9 Google", "date": "2014-07", "location": {"lat": 40.00537483037042, "lng": -92.47536205510026}, "pano_id": "b6oyVg66LQRs9BpRP1IBCw", "status": "OK", "_file": "gsv_49.jpg"}, {"copyright": "\u00a9 Google", "date": "2014-07", "location": {"lat": 40.00520490307306, "lng": -92.47536714535461}, "pano_id": "Ap_u6tbC-H-5f7L_ZojXow", "status": "OK", "_file": "gsv_50.jpg"}, {"copyright": "\u00a9 Google", "date": "2014-07", "location": {"lat": 40.00512007562116, "lng": -92.47536968639244}, "pano_id": "SBajI2OYYPZfo-3evqsVIQ", "status": "OK", "_file": "gsv_51.jpg"}, {"copyright": "\u00a9 Google", "date": "2014-07", "location": {"lat": 40.00495065077008, "lng": -92.47537464997774}, "pano_id": "fYEFaOzazRdUPp2209mqPQ", "status": "OK", "_file": "gsv_52.jpg"}, {"copyright": "\u00a9 Google", "date": "2014-07", "location": {"lat": 40.00486601447349, "lng": -92.47537711386221}, "pano_id": "LohchS_mlytD7dlWCU7bRg", "status": "OK", "_file": "gsv_53.jpg"}, {"copyright": "\u00a9 Google", "date": "2014-07", "location": {"lat": 40.00469687554626, "lng": -92.47538203772162}, "pano_id": "7BzS5SgAsgrie3C-ACDE9Q", "status": "OK", "_file": "gsv_54.jpg"}, {"copyright": "\u00a9 Google", "date": "2014-07", "location": {"lat": 40.00452778062505, "lng": -92.47538696027554}, "pano_id": "YMFAneieFGzYWPujc-pf7g", "status": "OK", "_file": "gsv_55.jpg"}, {"copyright": "\u00a9 Google", "date": "2014-07", "location": {"lat": 40.00444328574914, "lng": -92.47538942001258}, "pano_id": "m7twdbxWFf2anSCeJH6z8g", "status": "OK", "_file": "gsv_56.jpg"}, {"copyright": "\u00a9 Google", "date": "2014-07", "location": {"lat": 40.00427435567886, "lng": -92.47539433773098}, "pano_id": "7UnY0waISxvdssIoaQ45WQ", "status": "OK", "_file": "gsv_57.jpg"}, {"copyright": "\u00a9 Google", "date": "2014-07", "location": {"lat": 40.00418998813853, "lng": -92.4753967937429}, "pano_id": "vYpOL-7rSGQYOe5_WcsjBg", "status": "OK", "_file": "gsv_58.jpg"}, {"copyright": "\u00a9 Google", "date": "2014-07", "location": {"lat": 40.00402129479944, "lng": -92.4754017045334}, "pano_id": "q0zFIK68TxXsJuieLI7_IA", "status": "OK", "_file": "gsv_59.jpg"}, {"copyright": "\u00a9 Google", "date": "2014-07", "location": {"lat": 40.00385266544377, "lng": -92.47540661343703}, "pano_id": "arKuiM0WHMRvQhVYYovjoA", "status": "OK", "_file": "gsv_60.jpg"}, {"copyright": "\u00a9 Google", "date": "2014-07", "location": {"lat": 40.00376837966924, "lng": -92.47540906703837}, "pano_id": "ityudcvq1mUNXVsALygs9A", "status": "OK", "_file": "gsv_61.jpg"}, {"copyright": "\u00a9 Google", "date": "2014-07", "location": {"lat": 40.0035999993603, "lng": -92.47541396865579}, "pano_id": "ZaJExDAIz6mOVtrZiGGqjw", "status": "OK", "_file": "gsv_62.jpg"}, {"copyright": "\u00a9 Google", "date": "2014-07", "location": {"lat": 40.00351586569961, "lng": -92.47541641781088}, "pano_id": "dVC08V_hixrsS5F2vLfRtw", "status": "OK", "_file": "gsv_63.jpg"}, {"copyright": "\u00a9 Google", "date": "2014-07", "location": {"lat": 40.00334760609299, "lng": -92.47542131587839}, "pano_id": "52DiZEazO-medxE6mTRDGg", "status": "OK", "_file": "gsv_64.jpg"}, {"copyright": "\u00a9 Google", "date": "2014-07", "location": {"lat": 40.00317930564347, "lng": -92.47542621511067}, "pano_id": "2KlREPCzLz8Gni7ooSNHqw", "status": "OK", "_file": "gsv_65.jpg"}, {"copyright": "\u00a9 Google", "date": "2014-07", "location": {"lat": 40.00309513591267, "lng": -92.47542866528556}, "pano_id": "KGq64XGhGR2tULHAkPynDA", "status": "OK", "_file": "gsv_66.jpg"}, {"copyright": "\u00a9 Google", "date": "2014-07", "location": {"lat": 40.00292678094916, "lng": -92.4754335660685}, "pano_id": "7E6pQWdMhg1fEoOUK2iH8Q", "status": "OK", "_file": "gsv_67.jpg"}, {"copyright": "\u00a9 Google", "date": "2014-07", "location": {"lat": 40.00284258549437, "lng": -92.47543601697409}, "pano_id": "6VB85kbd25a3fPSjiy1sQg", "status": "OK", "_file": "gsv_68.jpg"}, {"copyright": "\u00a9 Google", "date": "2014-07", "location": {"lat": 40.00267421680805, "lng": -92.47544091812023}, "pano_id": "Zvp9i_3qDF0ZH3UXijejfA", "status": "OK", "_file": "gsv_69.jpg"}, {"copyright": "\u00a9 Google", "date": "2014-07", "location": {"lat": 40.00250586306279, "lng": -92.47544581880726}, "pano_id": "6fgmv9Mbr2ln3RXVcjivFQ", "status": "OK", "_file": "gsv_70.jpg"}, {"copyright": "\u00a9 Google", "date": "2014-07", "location": {"lat": 40.00242171858149, "lng": -92.47544826819882}, "pano_id": "-fBZb1UxPJPsEKMsrkz9Fg", "status": "OK", "_file": "gsv_71.jpg"}, {"copyright": "\u00a9 Google", "date": "2014-07", "location": {"lat": 40.00225346652357, "lng": -92.47545316588955}, "pano_id": "YM56YyIZBCsXwzuZhrD17g", "status": "OK", "_file": "gsv_72.jpg"}, {"copyright": "\u00a9 Google", "date": "2014-07", "location": {"lat": 40.00216939771465, "lng": -92.47545561306023}, "pano_id": "-SkHeFgTfEmc4RUUvJN-Ww", "status": "OK", "_file": "gsv_73.jpg"}, {"copyright": "\u00a9 Google", "date": "2014-07", "location": {"lat": 40.00200142356942, "lng": -92.47546050262503}, "pano_id": "d0WE0LJkivXWF0k-EbPN5g", "status": "OK", "_file": "gsv_74.jpg"}, {"copyright": "\u00a9 Google", "date": "2014-07", "location": {"lat": 40.0018336653768, "lng": -92.47546538587962}, "pano_id": "75mry3A21ZbPwdWEgidEsA", "status": "OK", "_file": "gsv_75.jpg"}, {"copyright": "\u00a9 Google", "date": "2014-07", "location": {"lat": 40.00174982642682, "lng": -92.47546782632931}, "pano_id": "_y1F5n4OL1ehbfN1uVurDw", "status": "OK", "_file": "gsv_76.jpg"}, {"copyright": "\u00a9 Google", "date": "2014-07", "location": {"lat": 40.00166601648077, "lng": -92.4754703139528}, "pano_id": "DTQ9q0-rwq-zsi55T0Akuw", "status": "OK", "_file": "gsv_77.jpg"}, {"copyright": "\u00a9 Google", "date": "2014-07", "location": {"lat": 40.00158218055674, "lng": -92.47547287563175}, "pano_id": "My8zCXmk2E-kAjA33VB2WQ", "status": "OK", "_file": "gsv_78.jpg"}, {"copyright": "\u00a9 Google", "date": "2014-07", "location": {"lat": 40.00141447039284, "lng": -92.47547800014158}, "pano_id": "8rCNvlgee4b1do9bRiTr-g", "status": "OK", "_file": "gsv_79.jpg"}, {"copyright": "\u00a9 Google", "date": "2014-07", "location": {"lat": 40.00133053975297, "lng": -92.47548056469576}, "pano_id": "kYHO-HnlJq4poioG9dKIDw", "status": "OK", "_file": "gsv_80.jpg"}, {"copyright": "\u00a9 Google", "date": "2014-07", "location": {"lat": 40.00116246006661, "lng": -92.47548570045872}, "pano_id": "AGa-5guPWS35gz002cNuMw", "status": "OK", "_file": "gsv_81.jpg"}, {"copyright": "\u00a9 Google", "date": "2014-07", "location": {"lat": 40.00107830319141, "lng": -92.47548827190667}, "pano_id": "7-6c15HWAsPpwT_II4FUsg", "status": "OK", "_file": "gsv_82.jpg"}, {"copyright": "\u00a9 Google", "date": "2014-07", "location": {"lat": 40.00090992139445, "lng": -92.47549341686273}, "pano_id": "TOO4GgKTO7KfO81oyDGnXQ", "status": "OK", "_file": "gsv_83.jpg"}, {"copyright": "\u00a9 Google", "date": "2014-07", "location": {"lat": 40.00074146792018, "lng": -92.47549856398352}, "pano_id": "d9-BjmogE9Iw-GPYDFdBeg", "status": "OK", "_file": "gsv_84.jpg"}, {"copyright": "\u00a9 Google", "date": "2014-07", "location": {"lat": 40.00065725696904, "lng": -92.47550113705205}, "pano_id": "JXXXaEIXyMLze6ObbwmESw", "status": "OK", "_file": "gsv_85.jpg"}, {"copyright": "\u00a9 Google", "date": "2014-07", "location": {"lat": 40.00048898201954, "lng": -92.47550627867993}, "pano_id": "me4m4MSddTwEpDapkC-sjQ", "status": "OK", "_file": "gsv_86.jpg"}, {"copyright": "\u00a9 Google", "date": "2014-07", "location": {"lat": 40.00040481487089, "lng": -92.47550885039105}, "pano_id": "ta-5WFeT3QLmf4YuF5BQdQ", "status": "OK", "_file": "gsv_87.jpg"}, {"copyright": "\u00a9 Google", "date": "2014-07", "location": {"lat": 40.00023681287828, "lng": -92.47551398364081}, "pano_id": "PPrkCGmgU6d5rR90JwRtnQ", "status": "OK", "_file": "gsv_88.jpg"}, {"copyright": "\u00a9 Google", "date": "2014-07", "location": {"lat": 40.00006895872485, "lng": -92.47551911234817}, "pano_id": "TE4tN7LeR6yo-ZBazoRA1Q", "status": "OK", "_file": "gsv_89.jpg"}, {"copyright": "\u00a9 Google", "date": "2014-07", "location": {"lat": 39.99998509250367, "lng": -92.47552167483296}, "pano_id": "mM2rjPziZ-amnuQC3Ty0bA", "status": "OK", "_file": "gsv_90.jpg"}, {"copyright": "\u00a9 Google", "date": "2014-07", "location": {"lat": 39.99981753531748, "lng": -92.47552679442889}, "pano_id": "HY1WbbVaSmLyVoue4Obwow", "status": "OK", "_file": "gsv_91.jpg"}, {"copyright": "\u00a9 Google", "date": "2014-07", "location": {"lat": 39.99973379257253, "lng": -92.4755293531221}, "pano_id": "n-8B4HPrMEdJ4Gu73WVXSQ", "status": "OK", "_file": "gsv_92.jpg"}, {"copyright": "\u00a9 Google", "date": "2014-07", "location": {"lat": 39.99956625483169, "lng": -92.47553447208621}, "pano_id": "jE3fgA6UjemC-iwoO-YtXw", "status": "OK", "_file": "gsv_93.jpg"}, {"copyright": "\u00a9 Google", "date": "2014-07", "location": {"lat": 39.99939893128304, "lng": -92.47553958448076}, "pano_id": "rhCAYv1JfNHm8KiadPfh2A", "status": "OK", "_file": "gsv_94.jpg"}, {"copyright": "\u00a9 Google", "date": "2014-07", "location": {"lat": 39.99923178974914, "lng": -92.47554469128903}, "pano_id": "7ILKiS6IMN671_m60eROsQ", "status": "OK", "_file": "gsv_95.jpg"}]