[{"copyright": "\u00a9 Google", "date": "2014-07", "location": {"lat": 39.94008926018898, "lng": -92.47727588200402}, "pano_id": "GOGpm0ib4G1D7IhG6sds2g", "status": "OK", "_file": "gsv_0.jpg"}, {"copyright": "\u00a9 Google", "date": "2014-07", "location": {"lat": 39.93992633672497, "lng": -92.47726796528119}, "pano_id": "RjY0-QKrRg08Xuj51EtlYA", "status": "OK", "_file": "gsv_1.jpg"}, {"copyright": "\u00a9 Google", "date": "2014-07", "location": {"lat": 39.93992633672497, "lng": -92.47726796528119}, "pano_id": "RjY0-QKrRg08Xuj51EtlYA", "status": "OK", "_file": "gsv_2.jpg"}, {"copyright": "\u00a9 Google", "date": "2014-07", "location": {"lat": 39.93984545508746, "lng": -92.47726399792178}, "pano_id": "Tvhmb0yqWLgz1-Inp5_mDQ", "status": "OK", "_file": "gsv_3.jpg"}, {"copyright": "\u00a9 Google", "date": "2014-07", "location": {"lat": 39.93976457344995, "lng": -92.47726003056238}, "pano_id": "4SM4upECZPA0fyOVJdp4Zw", "status": "OK", "_file": "gsv_4.jpg"}, {"copyright": "\u00a9 Google", "date": "2014-07", "location": {"lat": 39.93959691163629, "lng": -92.47725180640262}, "pano_id": "XU8KoBWA67N_rMUdqfFUaA", "status": "OK", "_file": "gsv_5.jpg"}, {"copyright": "\u00a9 Google", "date": "2014-07", "location": {"lat": 39.93951294168881, "lng": -92.47724768766645}, "pano_id": "UwAAp3JRWJmj3UEi4NpZ2g", "status": "OK", "_file": "gsv_6.jpg"}, {"copyright": "\u00a9 Google", "date": "2014-07", "location": {"lat": 39.93934524179037, "lng": -92.47723946171675}, "pano_id": "dCEDZz2itndRuNVSQ0IKUw", "status": "OK", "_file": "gsv_7.jpg"}, {"copyright": "\u00a9 Google", "date": "2014-07", "location": {"lat": 39.93926231831464, "lng": -92.47723428528813}, "pano_id": "kgtyiG_RkjBviD_9FoOoug", "status": "OK", "_file": "gsv_8.jpg"}, {"copyright": "\u00a9 Google", "date": "2014-07", "location": {"lat": 39.93926231831464, "lng": -92.47723428528813}, "pano_id": "kgtyiG_RkjBviD_9FoOoug", "status": "OK", "_file": "gsv_9.jpg"}, {"copyright": "\u00a9 Google", "date": "2014-07", "location": {"lat": 39.93917844689345, "lng": -92.47722638762522}, "pano_id": "VSy6G4xRm54owK_nwRKPng", "status": "OK", "_file": "gsv_10.jpg"}, {"copyright": "\u00a9 Google", "date": "2014-07", "location": {"lat": 39.93901073894632, "lng": -92.47721059564348}, "pano_id": "vO9HVhebe1VpbydM1brdeQ", "status": "OK", "_file": "gsv_11.jpg"}, {"copyright": "\u00a9 Google", "date": "2014-07", "location": {"lat": 39.93892743248159, "lng": -92.47720197341053}, "pano_id": "YiPhQLzcmPhDC2a8eOMjpA", "status": "OK", "_file": "gsv_12.jpg"}, {"copyright": "\u00a9 Google", "date": "2014-07", "location": {"lat": 39.93867556777216, "lng": -92.477171019444}, "pano_id": "mySbGHeWoaqDKU_REgF3_Q", "status": "OK", "_file": "gsv_13.jpg"}, {"copyright": "\u00a9 Google", "date": "2014-07", "location": {"lat": 39.93859143538844, "lng": -92.47716067969392}, "pano_id": "dd1YXOs8Pl_NL3OoQDGbfA", "status": "OK", "_file": "gsv_14.jpg"}, {"copyright": "\u00a9 Google", "date": "2014-07", "location": {"lat": 39.93850727557343, "lng": -92.47715033659816}, "pano_id": "tysED-xnjLqYUVpdR9NQzw", "status": "OK", "_file": "gsv_15.jpg"}, {"copyright": "\u00a9 Google", "date": "2014-07", "location": {"lat": 39.93842304325657, "lng": -92.47713998461761}, "pano_id": "1oObsrup8n4r9SUdB-9naQ", "status": "OK", "_file": "gsv_16.jpg"}, {"copyright": "\u00a9 Google", "date": "2014-07", "location": {"lat": 39.93833888188561, "lng": -92.47712962040735}, "pano_id": "vaphSxPEqkToFyItdE6jow", "status": "OK", "_file": "gsv_17.jpg"}, {"copyright": "\u00a9 Google", "date": "2014-07", "location": {"lat": 39.93825464787214, "lng": -92.47711924624511}, "pano_id": "AEyXqObxEDESxX7JHIw_rQ", "status": "OK", "_file": "gsv_18.jpg"}, {"copyright": "\u00a9 Google", "date": "2014-07", "location": {"lat": 39.93817043540495, "lng": -92.47710887476212}, "pano_id": "FIwGUeyb5APoII8_KWnAmQ", "status": "OK", "_file": "gsv_19.jpg"}, {"copyright": "\u00a9 Google", "date": "2014-07", "location": {"lat": 39.93800214144706, "lng": -92.47708814800387}, "pano_id": "XUVW7YP0cCxgb3fQZUUyWQ", "status": "OK", "_file": "gsv_20.jpg"}, {"copyright": "\u00a9 Google", "date": "2014-07", "location": {"lat": 39.93791798054174, "lng": -92.477077782948}, "pano_id": "d_aa0bO65H234itEU-ch5g", "status": "OK", "_file": "gsv_21.jpg"}, {"copyright": "\u00a9 Google", "date": "2014-07", "location": {"lat": 39.93783386629043, "lng": -92.47706742366351}, "pano_id": "sX9HV9NdRT_f31r6RifgiQ", "status": "OK", "_file": "gsv_22.jpg"}, {"copyright": "\u00a9 Google", "date": "2014-07", "location": {"lat": 39.93766552478376, "lng": -92.47704669125409}, "pano_id": "WbbiooaTT567seP_pvCipg", "status": "OK", "_file": "gsv_23.jpg"}, {"copyright": "\u00a9 Google", "date": "2014-07", "location": {"lat": 39.93766552478376, "lng": -92.47704669125409}, "pano_id": "WbbiooaTT567seP_pvCipg", "status": "OK", "_file": "gsv_24.jpg"}, {"copyright": "\u00a9 Google", "date": "2014-07", "location": {"lat": 39.93724498722065, "lng": -92.47699322441835}, "pano_id": "eS4w8xIHMCLu3tJVOV4fKA", "status": "OK", "_file": "gsv_25.jpg"}, {"copyright": "\u00a9 Google", "date": "2014-07", "location": {"lat": 39.93716094069043, "lng": -92.47698253368938}, "pano_id": "YjQxsmjWl6NLE1qlIxId4w", "status": "OK", "_file": "gsv_26.jpg"}, {"copyright": "\u00a9 Google", "date": "2014-07", "location": {"lat": 39.93707692560547, "lng": -92.47697184698663}, "pano_id": "2zGO4QNMILdtk_uRmHTD4A", "status": "OK", "_file": "gsv_27.jpg"}, {"copyright": "\u00a9 Google", "date": "2014-07", "location": {"lat": 39.93699289146522, "lng": -92.47696115788642}, "pano_id": "uXiSk70qnflO57VkHNME1A", "status": "OK", "_file": "gsv_28.jpg"}, {"copyright": "\u00a9 Google", "date": "2014-07", "location": {"lat": 39.9369087822045, "lng": -92.47695045925732}, "pano_id": "a_ViPRGu9JN0q-vEZ8Ol-A", "status": "OK", "_file": "gsv_29.jpg"}, {"copyright": "\u00a9 Google", "date": "2014-07", "location": {"lat": 39.93682477512605, "lng": -92.47693977365212}, "pano_id": "Wck6ZJ75e2c-72yBDrvHbQ", "status": "OK", "_file": "gsv_30.jpg"}, {"copyright": "\u00a9 Google", "date": "2014-07", "location": {"lat": 39.93674110107721, "lng": -92.4769291304341}, "pano_id": "-yeYO3CkFEkxFq7K6M6naA", "status": "OK", "_file": "gsv_31.jpg"}, {"copyright": "\u00a9 Google", "date": "2014-07", "location": {"lat": 39.93665661798208, "lng": -92.47691838469053}, "pano_id": "da6EI5A_jACs9mZgxPB2ag", "status": "OK", "_file": "gsv_32.jpg"}, {"copyright": "\u00a9 Google", "date": "2014-07", "location": {"lat": 39.93656711065905, "lng": -92.47690699939504}, "pano_id": "0cP6fYDMeevG_aW7-zl6CA", "status": "OK", "_file": "gsv_33.jpg"}, {"copyright": "\u00a9 Google", "date": "2014-07", "location": {"lat": 39.93647760333602, "lng": -92.47689561409955}, "pano_id": "SUzVfNoNVMJ12akMBd-YEA", "status": "OK", "_file": "gsv_34.jpg"}, {"copyright": "\u00a9 Google", "date": "2014-07", "location": {"lat": 39.93640304069303, "lng": -92.47688618654523}, "pano_id": "FEdGvRE-CDNuxFfjlSDENw", "status": "OK", "_file": "gsv_35.jpg"}, {"copyright": "\u00a9 Google", "date": "2014-07", "location": {"lat": 39.93632173079212, "lng": -92.47687591733175}, "pano_id": "unEYKFX1sApOzxw5SqmBxw", "status": "OK", "_file": "gsv_36.jpg"}, {"copyright": "\u00a9 Google", "date": "2014-07", "location": {"lat": 39.93623798092561, "lng": -92.47686534013283}, "pano_id": "JLeNU6NPcV9GF699fzj4FA", "status": "OK", "_file": "gsv_37.jpg"}, {"copyright": "\u00a9 Google", "date": "2014-07", "location": {"lat": 39.93615429665126, "lng": -92.47685477124388}, "pano_id": "JkLOJKUEC6sGBcIDbrq-yw", "status": "OK", "_file": "gsv_38.jpg"}, {"copyright": "\u00a9 Google", "date": "2014-07", "location": {"lat": 39.93607055348069, "lng": -92.47684419494263}, "pano_id": "FEE3azSQ8r3bx9NMM6_ldQ", "status": "OK", "_file": "gsv_39.jpg"}, {"copyright": "\u00a9 Google", "date": "2014-07", "location": {"lat": 39.9359033253309, "lng": -92.4768230750261}, "pano_id": "-tMCKbBqYZfeOUIyY8lORA", "status": "OK", "_file": "gsv_40.jpg"}, {"copyright": "\u00a9 Google", "date": "2014-07", "location": {"lat": 39.93581979164473, "lng": -92.47681252525928}, "pano_id": "rLuxH-CNPj-fpMSJUQwuZw", "status": "OK", "_file": "gsv_41.jpg"}, {"copyright": "\u00a9 Google", "date": "2014-07", "location": {"lat": 39.93573611364168, "lng": -92.47680195729211}, "pano_id": "Rl1jIFv-OgagEAJmTH-LxQ", "status": "OK", "_file": "gsv_42.jpg"}, {"copyright": "\u00a9 Google", "date": "2014-07", "location": {"lat": 39.93565247323068, "lng": -92.47679139409851}, "pano_id": "LZCEem5jlKD6Cl0vk_sqrQ", "status": "OK", "_file": "gsv_43.jpg"}, {"copyright": "\u00a9 Google", "date": "2014-07", "location": {"lat": 39.93548505023909, "lng": -92.47677024983423}, "pano_id": "RgIVsZ8OQ5B1X33h8016SQ", "status": "OK", "_file": "gsv_44.jpg"}, {"copyright": "\u00a9 Google", "date": "2014-07", "location": {"lat": 39.93540109868783, "lng": -92.47675964742402}, "pano_id": "UgwgnopqlO3eJeN0f6yQFA", "status": "OK", "_file": "gsv_45.jpg"}, {"copyright": "\u00a9 Google", "date": "2014-07", "location": {"lat": 39.93531704578571, "lng": -92.47674903224018}, "pano_id": "vz1jeuGZu5qq6QzLwc5u8A", "status": "OK", "_file": "gsv_46.jpg"}, {"copyright": "\u00a9 Google", "date": "2014-07", "location": {"lat": 39.9351513, "lng": -92.4767281}, "pano_id": "R1T5WFVKL9yHK-bTQ9ADZg", "status": "OK", "_file": "gsv_47.jpg"}, {"copyright": "\u00a9 Google", "date": "2014-07", "location": {"lat": 39.93506329100837, "lng": -92.47671685860948}, "pano_id": "bp-JRfKOln4jCM0u7uXdfQ", "status": "OK", "_file": "gsv_48.jpg"}, {"copyright": "\u00a9 Google", "date": "2014-07", "location": {"lat": 39.93497819829255, "lng": -92.47670598974254}, "pano_id": "X3hA4hRpSLnrauRRk--5fQ", "status": "OK", "_file": "gsv_49.jpg"}, {"copyright": "\u00a9 Google", "date": "2014-07", "location": {"lat": 39.93480802810894, "lng": -92.47668425403778}, "pano_id": "U_XALhk-FLLSbXM_8S0Ksg", "status": "OK", "_file": "gsv_50.jpg"}, {"copyright": "\u00a9 Google", "date": "2014-07", "location": {"lat": 39.93447535376625, "lng": -92.47664176211725}, "pano_id": "lkvXGrWVJ0bHsofCdM0AQQ", "status": "OK", "_file": "gsv_51.jpg"}, {"copyright": "\u00a9 Google", "date": "2014-07", "location": {"lat": 39.9343938388996, "lng": -92.4766313504271}, "pano_id": "ryEAl6JkpL1eECM0S2kaTA", "status": "OK", "_file": "gsv_52.jpg"}, {"copyright": "\u00a9 Google", "date": "2014-07", "location": {"lat": 39.93431252962747, "lng": -92.47662096502187}, "pano_id": "HxgaAg_e1ZVgtpYu5qJR_w", "status": "OK", "_file": "gsv_53.jpg"}, {"copyright": "\u00a9 Google", "date": "2014-07", "location": {"lat": 39.93423125554447, "lng": -92.47661058413603}, "pano_id": "5_tkRAy7SWR2V43UDqS9Wg", "status": "OK", "_file": "gsv_54.jpg"}, {"copyright": "\u00a9 Google", "date": "2014-07", "location": {"lat": 39.93414979378219, "lng": -92.47660017930333}, "pano_id": "GhjwC1TTKqbvAU4bAt15XA", "status": "OK", "_file": "gsv_55.jpg"}, {"copyright": "\u00a9 Google", "date": "2014-07", "location": {"lat": 39.93406807119559, "lng": -92.47658974118144}, "pano_id": "FRy7HsDnid2_abn784Ujtw", "status": "OK", "_file": "gsv_56.jpg"}, {"copyright": "\u00a9 Google", "date": "2014-07", "location": {"lat": 39.93406807119559, "lng": -92.47658974118144}, "pano_id": "FRy7HsDnid2_abn784Ujtw", "status": "OK", "_file": "gsv_57.jpg"}, {"copyright": "\u00a9 Google", "date": "2014-07", "location": {"lat": 39.93398583293381, "lng": -92.47657949215032}, "pano_id": "Or_VtJsFTbmktBcbuU09BQ", "status": "OK", "_file": "gsv_58.jpg"}, {"copyright": "\u00a9 Google", "date": "2014-07", "location": {"lat": 39.93382041669995, "lng": -92.47655889426525}, "pano_id": "xE0XF5AG_48-AaYsCCLQ7Q", "status": "OK", "_file": "gsv_59.jpg"}, {"copyright": "\u00a9 Google", "date": "2014-07", "location": {"lat": 39.93373737403861, "lng": -92.47654855370243}, "pano_id": "QXlbhcRHq9mpOB8mrX4CZQ", "status": "OK", "_file": "gsv_60.jpg"}, {"copyright": "\u00a9 Google", "date": "2014-07", "location": {"lat": 39.93365411495497, "lng": -92.47653818621578}, "pano_id": "aFbb4OwNB0VU34lntIKUZw", "status": "OK", "_file": "gsv_61.jpg"}, {"copyright": "\u00a9 Google", "date": "2014-07", "location": {"lat": 39.93357072937367, "lng": -92.47652780300292}, "pano_id": "aHch1sbFzPs3XyD6vKjp9Q", "status": "OK", "_file": "gsv_62.jpg"}, {"copyright": "\u00a9 Google", "date": "2014-07", "location": {"lat": 39.93348711493446, "lng": -92.47651739131811}, "pano_id": "kga3mXRlCfVxtl56UQkoiA", "status": "OK", "_file": "gsv_63.jpg"}, {"copyright": "\u00a9 Google", "date": "2014-07", "location": {"lat": 39.93340347503595, "lng": -92.47650697648865}, "pano_id": "kSySaNYOV6OH5PPazQpRNg", "status": "OK", "_file": "gsv_64.jpg"}, {"copyright": "\u00a9 Google", "date": "2014-07", "location": {"lat": 39.93331967676554, "lng": -92.4764965419644}, "pano_id": "YxeJfnMwD2b52IZ7_D96vw", "status": "OK", "_file": "gsv_65.jpg"}, {"copyright": "\u00a9 Google", "date": "2014-07", "location": {"lat": 39.93323585229397, "lng": -92.47648610420326}, "pano_id": "9gPENrHOCJ22fJfAVrUUrA", "status": "OK", "_file": "gsv_66.jpg"}, {"copyright": "\u00a9 Google", "date": "2014-07", "location": {"lat": 39.93323585229397, "lng": -92.47648610420326}, "pano_id": "9gPENrHOCJ22fJfAVrUUrA", "status": "OK", "_file": "gsv_67.jpg"}, {"copyright": "\u00a9 Google", "date": "2014-07", "location": {"lat": 39.93315195040364, "lng": -92.47647554144399}, "pano_id": "sSqptsTaLYI0IzwWeoPZww", "status": "OK", "_file": "gsv_68.jpg"}, {"copyright": "\u00a9 Google", "date": "2014-07", "location": {"lat": 39.93306803867343, "lng": -92.47646497038855}, "pano_id": "PVGwQu9zXvZ91OrXYJXTbg", "status": "OK", "_file": "gsv_69.jpg"}, {"copyright": "\u00a9 Google", "date": "2014-07", "location": {"lat": 39.93298415570414, "lng": -92.47645440298241}, "pano_id": "3zFpMm_a9iDn4tVJ-nx8bw", "status": "OK", "_file": "gsv_70.jpg"}, {"copyright": "\u00a9 Google", "date": "2014-07", "location": {"lat": 39.93290025630058, "lng": -92.47644383353192}, "pano_id": "zjfpgvig_JH0eKzyr5jWVQ", "status": "OK", "_file": "gsv_71.jpg"}, {"copyright": "\u00a9 Google", "date": "2014-07", "location": {"lat": 39.93281634430645, "lng": -92.47643326252134}, "pano_id": "NY_e8KE8nKdaDzqUxoWdhA", "status": "OK", "_file": "gsv_72.jpg"}, {"copyright": "\u00a9 Google", "date": "2014-07", "location": {"lat": 39.93273237870618, "lng": -92.47642268478367}, "pano_id": "5PvH3DYkUpRgIacmzQV58g", "status": "OK", "_file": "gsv_73.jpg"}, {"copyright": "\u00a9 Google", "date": "2014-07", "location": {"lat": 39.93264836831844, "lng": -92.47641210142991}, "pano_id": "AhX0U4eBsp0U5s26n13TZQ", "status": "OK", "_file": "gsv_74.jpg"}, {"copyright": "\u00a9 Google", "date": "2014-07", "location": {"lat": 39.9325643179431, "lng": -92.47640151306474}, "pano_id": "vKnvzX6ZjRKek4LLsSeyUA", "status": "OK", "_file": "gsv_75.jpg"}, {"copyright": "\u00a9 Google", "date": "2014-07", "location": {"lat": 39.93248019037968, "lng": -92.47639091500189}, "pano_id": "6qtipFdK1Ye_B5fXx0J8Xw", "status": "OK", "_file": "gsv_76.jpg"}, {"copyright": "\u00a9 Google", "date": "2014-07", "location": {"lat": 39.93239605790282, "lng": -92.47638031634621}, "pano_id": "NtiRxq4M9_vApgqckcEogg", "status": "OK", "_file": "gsv_77.jpg"}, {"copyright": "\u00a9 Google", "date": "2014-07", "location": {"lat": 39.93231198369904, "lng": -92.47636972505768}, "pano_id": "Cu6FzrUO-kBF_X13NA5gCw", "status": "OK", "_file": "gsv_78.jpg"}, {"copyright": "\u00a9 Google", "date": "2014-07", "location": {"lat": 39.93214378917605, "lng": -92.47634853674968}, "pano_id": "b8yFmOl7WrCOtIQ2Tc014g", "status": "OK", "_file": "gsv_79.jpg"}, {"copyright": "\u00a9 Google", "date": "2014-07", "location": {"lat": 39.93205970648757, "lng": -92.47633794447074}, "pano_id": "YlKw5NAEFHt0QTPjhk3gLQ", "status": "OK", "_file": "gsv_80.jpg"}, {"copyright": "\u00a9 Google", "date": "2014-07", "location": {"lat": 39.93197559439281, "lng": -92.47632734851351}, "pano_id": "y1hf5NtGhG5ZQBc0tV4QSQ", "status": "OK", "_file": "gsv_81.jpg"}, {"copyright": "\u00a9 Google", "date": "2014-07", "location": {"lat": 39.93189147197997, "lng": -92.47631675128264}, "pano_id": "YZPvYicbmQdwKRRCjR6VYw", "status": "OK", "_file": "gsv_82.jpg"}, {"copyright": "\u00a9 Google", "date": "2014-07", "location": {"lat": 39.93180739473104, "lng": -92.47630615976739}, "pano_id": "g_OfW-q_hqzEp11iHLXQHg", "status": "OK", "_file": "gsv_83.jpg"}, {"copyright": "\u00a9 Google", "date": "2014-07", "location": {"lat": 39.93163939073235, "lng": -92.47628499577412}, "pano_id": "4JU9Iwa7Ifsr7xlOuyqZEg", "status": "OK", "_file": "gsv_84.jpg"}, {"copyright": "\u00a9 Google", "date": "2014-07", "location": {"lat": 39.93155540568424, "lng": -92.47627441595202}, "pano_id": "e4jaJbk7YveDpVSwh1AXGA", "status": "OK", "_file": "gsv_85.jpg"}, {"copyright": "\u00a9 Google", "date": "2014-07", "location": {"lat": 39.93147148144579, "lng": -92.47626384381634}, "pano_id": "cLvTwcWyeS-kZ0uAE3_5IQ", "status": "OK", "_file": "gsv_86.jpg"}, {"copyright": "\u00a9 Google", "date": "2014-07", "location": {"lat": 39.93138758043825, "lng": -92.47625327463312}, "pano_id": "Hg-WIXezfjSy5KcAwzmcWw", "status": "OK", "_file": "gsv_87.jpg"}, {"copyright": "\u00a9 Google", "date": "2014-07", "location": {"lat": 39.93130370736009, "lng": -92.47624270899428}, "pano_id": "RLKP4GEbunKWAVLaQ4a-pw", "status": "OK", "_file": "gsv_88.jpg"}, {"copyright": "\u00a9 Google", "date": "2014-07", "location": {"lat": 39.93121979718151, "lng": -92.47623213870784}, "pano_id": "GjKbrZSA9NtOl2lJRQ-Txw", "status": "OK", "_file": "gsv_89.jpg"}, {"copyright": "\u00a9 Google", "date": "2014-07", "location": {"lat": 39.93113588826925, "lng": -92.47622156860696}, "pano_id": "gRQCo1A93xy-ss_2qakoyg", "status": "OK", "_file": "gsv_90.jpg"}, {"copyright": "\u00a9 Google", "date": "2014-07", "location": {"lat": 39.93105194003943, "lng": -92.47621099357926}, "pano_id": "o_7deV3sxLDCxQbfoTMERA", "status": "OK", "_file": "gsv_91.jpg"}, {"copyright": "\u00a9 Google", "date": "2014-07", "location": {"lat": 39.93096806621131, "lng": -92.47620042795002}, "pano_id": "5O3JgSUPGmahi_scwzzM7g", "status": "OK", "_file": "gsv_92.jpg"}, {"copyright": "\u00a9 Google", "date": "2014-07", "location": {"lat": 39.93088411350861, "lng": -92.47618985241097}, "pano_id": "gfhYaPQhYr2lFlZAFc5rPA", "status": "OK", "_file": "gsv_93.jpg"}, {"copyright": "\u00a9 Google", "date": "2014-07", "location": {"lat": 39.93080025434054, "lng": -92.4761792886805}, "pano_id": "pF8Dzt5biYSDochtovtgbQ", "status": "OK", "_file": "gsv_94.jpg"}, {"copyright": "\u00a9 Google", "date": "2014-07", "location": {"lat": 39.93071642434674, "lng": -92.47616872865112}, "pano_id": "GIRsYncDSPqmIKYiEuEXdg", "status": "OK", "_file": "gsv_95.jpg"}, {"copyright": "\u00a9 Google", "date": "2014-07", "location": {"lat": 39.93063259145492, "lng": -92.47615816828265}, "pano_id": "wrFaRej4sei5OCWJ6XMJ9w", "status": "OK", "_file": "gsv_96.jpg"}, {"copyright": "\u00a9 Google", "date": "2014-07", "location": {"lat": 39.93054884564577, "lng": -92.47614761890988}, "pano_id": "xzsXoW3Gz9tfjnm53QSHXQ", "status": "OK", "_file": "gsv_97.jpg"}, {"copyright": "\u00a9 Google", "date": "2014-07", "location": {"lat": 39.93046497407736, "lng": -92.47613709675272}, "pano_id": "W3VV4eo0qyJCV2uYQRIMIg", "status": "OK", "_file": "gsv_98.jpg"}, {"copyright": "\u00a9 Google", "date": "2014-07", "location": {"lat": 39.93029764502492, "lng": -92.4761159755836}, "pano_id": "N84HYzuZoPeDrm9xGOXjkQ", "status": "OK", "_file": "gsv_99.jpg"}, {"copyright": "\u00a9 Google", "date": "2014-07", "location": {"lat": 39.93021398471539, "lng": -92.47610543708471}, "pano_id": "NUNIvPmsIUGrnj2gLGUYrQ", "status": "OK", "_file": "gsv_100.jpg"}, {"copyright": "\u00a9 Google", "date": "2014-07", "location": {"lat": 39.93013037913068, "lng": -92.47609490550526}, "pano_id": "oaghNwBkq4vTKX4J6m_NHQ", "status": "OK", "_file": "gsv_101.jpg"}, {"copyright": "\u00a9 Google", "date": "2014-07", "location": {"lat": 39.93004681562401, "lng": -92.47608437925209}, "pano_id": "rnb_KiZ5QGI8ZKTH1H7RjA", "status": "OK", "_file": "gsv_102.jpg"}, {"copyright": "\u00a9 Google", "date": "2014-07", "location": {"lat": 39.92996334086274, "lng": -92.4760738642037}, "pano_id": "ehA6KIgTmtVtWdEZqaSiUg", "status": "OK", "_file": "gsv_103.jpg"}, {"copyright": "\u00a9 Google", "date": "2014-07", "location": {"lat": 39.92979643533915, "lng": -92.47605283972658}, "pano_id": "PPQeiv1wrZZbiXKMYIqqEQ", "status": "OK", "_file": "gsv_104.jpg"}, {"copyright": "\u00a9 Google", "date": "2014-07", "location": {"lat": 39.92971303620137, "lng": -92.47604233428144}, "pano_id": "AOAGtW8kevTqzVJMn6ki0A", "status": "OK", "_file": "gsv_105.jpg"}, {"copyright": "\u00a9 Google", "date": "2014-07", "location": {"lat": 39.92954641685586, "lng": -92.47602134600726}, "pano_id": "4b7x0bG1I4lhjeyXpRB0VQ", "status": "OK", "_file": "gsv_106.jpg"}, {"copyright": "\u00a9 Google", "date": "2014-07", "location": {"lat": 39.92946315824139, "lng": -92.47601085834019}, "pano_id": "I6gfZy-hjIubjyaLr9AglA", "status": "OK", "_file": "gsv_107.jpg"}, {"copyright": "\u00a9 Google", "date": "2014-07", "location": {"lat": 39.92937992680449, "lng": -92.47600037412218}, "pano_id": "Yh8RlCCg0pxaGHrkfPkFPQ", "status": "OK", "_file": "gsv_108.jpg"}, {"copyright": "\u00a9 Google", "date": "2014-07", "location": {"lat": 39.92929679957867, "lng": -92.47598990305664}, "pano_id": "JyvBla1UZApidmNR2CuqPw", "status": "OK", "_file": "gsv_109.jpg"}, {"copyright": "\u00a9 Google", "date": "2014-07", "location": {"lat": 39.92921365331419, "lng": -92.47597942961848}, "pano_id": "Pj7XFw39mD5V8d86nWP9ug", "status": "OK", "_file": "gsv_110.jpg"}, {"copyright": "\u00a9 Google", "date": "2014-07", "location": {"lat": 39.92913055140453, "lng": -92.47596896179296}, "pano_id": "a9_O1CdSiUXM81Pi57EZ2g", "status": "OK", "_file": "gsv_111.jpg"}, {"copyright": "\u00a9 Google", "date": "2014-07", "location": {"lat": 39.92904739353344, "lng": -92.47595848694388}, "pano_id": "-ze9JwlSfvKvZnusti1Dyg", "status": "OK", "_file": "gsv_112.jpg"}, {"copyright": "\u00a9 Google", "date": "2014-07", "location": {"lat": 39.92888101199154, "lng": -92.47593752903414}, "pano_id": "f5OlCDvwilIy4za3fTAwrQ", "status": "OK", "_file": "gsv_113.jpg"}, {"copyright": "\u00a9 Google", "date": "2014-07", "location": {"lat": 39.92879784270783, "lng": -92.47592705282425}, "pano_id": "NYw_7oYTq6N6_nehyE2R8Q", "status": "OK", "_file": "gsv_114.jpg"}, {"copyright": "\u00a9 Google", "date": "2014-07", "location": {"lat": 39.92871445009691, "lng": -92.47591654850916}, "pano_id": "pU_WPZ2bBm6YBRCiqbVeUA", "status": "OK", "_file": "gsv_115.jpg"}, {"copyright": "\u00a9 Google", "date": "2014-07", "location": {"lat": 39.92863098064717, "lng": -92.47590603454104}, "pano_id": "P-_RhzboF5LQeHQKK8S5Mg", "status": "OK", "_file": "gsv_116.jpg"}, {"copyright": "\u00a9 Google", "date": "2014-07", "location": {"lat": 39.92854746321932, "lng": -92.4758955145553}, "pano_id": "3YWn2ZFqKqW4NRCA_pPWWQ", "status": "OK", "_file": "gsv_117.jpg"}, {"copyright": "\u00a9 Google", "date": "2014-07", "location": {"lat": 39.9284639473366, "lng": -92.47588499478996}, "pano_id": "OYGXqdeutWZ9JwJ7VfaG2Q", "status": "OK", "_file": "gsv_118.jpg"}, {"copyright": "\u00a9 Google", "date": "2014-07", "location": {"lat": 39.92838036152087, "lng": -92.4758744662416}, "pano_id": "JVP4wgHnF0WjtUSEqem8uQ", "status": "OK", "_file": "gsv_119.jpg"}, {"copyright": "\u00a9 Google", "date": "2014-07", "location": {"lat": 39.92829685476746, "lng": -92.47586394767781}, "pano_id": "8XrR_a0-SvVAl_LXZrvbyA", "status": "OK", "_file": "gsv_120.jpg"}, {"copyright": "\u00a9 Google", "date": "2014-07", "location": {"lat": 39.92821329510895, "lng": -92.47585342247585}, "pano_id": "sokPkjyzIQyg3s1eE9N7LA", "status": "OK", "_file": "gsv_121.jpg"}, {"copyright": "\u00a9 Google", "date": "2014-07", "location": {"lat": 39.92804615121889, "lng": -92.47583236905417}, "pano_id": "9CrBlex-5Vsi3HL1q-drFw", "status": "OK", "_file": "gsv_122.jpg"}, {"copyright": "\u00a9 Google", "date": "2014-07", "location": {"lat": 39.92796246947289, "lng": -92.47582182855162}, "pano_id": "l8Mn7Vaj-3_F-u1eqz9xUg", "status": "OK", "_file": "gsv_123.jpg"}, {"copyright": "\u00a9 Google", "date": "2014-07", "location": {"lat": 39.92787876774032, "lng": -92.47581128555747}, "pano_id": "f8ekreVAcW2LZ5AAAuhjBw", "status": "OK", "_file": "gsv_124.jpg"}, {"copyright": "\u00a9 Google", "date": "2014-07", "location": {"lat": 39.92779497027646, "lng": -92.47580073053103}, "pano_id": "d-Qq9GQUV5MEsC4UH7hZBw", "status": "OK", "_file": "gsv_125.jpg"}, {"copyright": "\u00a9 Google", "date": "2014-07", "location": {"lat": 39.92771106597409, "lng": -92.47579016207338}, "pano_id": "1Myn_WkpzobIauqQy9xN_g", "status": "OK", "_file": "gsv_126.jpg"}, {"copyright": "\u00a9 Google", "date": "2014-07", "location": {"lat": 39.92762716101379, "lng": -92.47577959355885}, "pano_id": "J7iMTNmp6eKtcFDPYDia4A", "status": "OK", "_file": "gsv_127.jpg"}, {"copyright": "\u00a9 Google", "date": "2014-07", "location": {"lat": 39.92754305228866, "lng": -92.47576899940462}, "pano_id": "wVt5UANmcyTrGat3YghOhQ", "status": "OK", "_file": "gsv_128.jpg"}, {"copyright": "\u00a9 Google", "date": "2014-07", "location": {"lat": 39.92745886618393, "lng": -92.47575839553001}, "pano_id": "YxGC2reSt7VEAPV0p-TNAg", "status": "OK", "_file": "gsv_129.jpg"}, {"copyright": "\u00a9 Google", "date": "2014-07", "location": {"lat": 39.92737458326565, "lng": -92.47574777948725}, "pano_id": "ZP4zRvk3hCkRMf8cSVWZfg", "status": "OK", "_file": "gsv_130.jpg"}, {"copyright": "\u00a9 Google", "date": "2014-07", "location": {"lat": 39.92729024952231, "lng": -92.47573715706899}, "pano_id": "FylmlKRqYmLC2NtHuLezAQ", "status": "OK", "_file": "gsv_131.jpg"}, {"copyright": "\u00a9 Google", "date": "2014-07", "location": {"lat": 39.92720595362503, "lng": -92.47572653944397}, "pano_id": "XYpL0kwP-3hhIdd-JMHPdQ", "status": "OK", "_file": "gsv_132.jpg"}, {"copyright": "\u00a9 Google", "date": "2014-07", "location": {"lat": 39.92712165392747, "lng": -92.47571592136657}, "pano_id": "rV1jrP48dPk0GdoTqd7iTg", "status": "OK", "_file": "gsv_133.jpg"}, {"copyright": "\u00a9 Google", "date": "2014-07", "location": {"lat": 39.92703734414747, "lng": -92.47570530204548}, "pano_id": "JsTl3AaT0UbX8erOJLFEFg", "status": "OK", "_file": "gsv_134.jpg"}, {"copyright": "\u00a9 Google", "date": "2014-07", "location": {"lat": 39.92695308532062, "lng": -92.4756946891685}, "pano_id": "ysvEQMfFpTkluY8Kn5bjcg", "status": "OK", "_file": "gsv_135.jpg"}, {"copyright": "\u00a9 Google", "date": "2014-07", "location": {"lat": 39.92686895215567, "lng": -92.47568409214556}, "pano_id": "YnlMbRLRcJB1pxLxIDuH5g", "status": "OK", "_file": "gsv_136.jpg"}, {"copyright": "\u00a9 Google", "date": "2014-07", "location": {"lat": 39.92678483928314, "lng": -92.4756734977047}, "pano_id": "3SLz8ctbSytrJqqPShdJJA", "status": "OK", "_file": "gsv_137.jpg"}, {"copyright": "\u00a9 Google", "date": "2014-07", "location": {"lat": 39.92670074988471, "lng": -92.47566290624667}, "pano_id": "O3x6HeKYD0RmF32d-ZWycQ", "status": "OK", "_file": "gsv_138.jpg"}, {"copyright": "\u00a9 Google", "date": "2014-07", "location": {"lat": 39.92661670111128, "lng": -92.47565231993167}, "pano_id": "ePVKtRVNHmjLLc4Th7Zl2w", "status": "OK", "_file": "gsv_139.jpg"}, {"copyright": "\u00a9 Google", "date": "2014-07", "location": {"lat": 39.92653264026892, "lng": -92.47564173212265}, "pano_id": "llH4uKSD_eTUsT-NNLA_fA", "status": "OK", "_file": "gsv_140.jpg"}, {"copyright": "\u00a9 Google", "date": "2014-07", "location": {"lat": 39.92636469130576, "lng": -92.47562057833785}, "pano_id": "r8bmmmtc1FRx2YUyVZJM1g", "status": "OK", "_file": "gsv_141.jpg"}, {"copyright": "\u00a9 Google", "date": "2014-07", "location": {"lat": 39.92628068902827, "lng": -92.47560999798357}, "pano_id": "pykmbiXXLE81RPDy8PvKgg", "status": "OK", "_file": "gsv_142.jpg"}, {"copyright": "\u00a9 Google", "date": "2014-07", "location": {"lat": 39.92619667747645, "lng": -92.47559941648726}, "pano_id": "Cy1-z9wYFnpppr3MEPxVLQ", "status": "OK", "_file": "gsv_143.jpg"}, {"copyright": "\u00a9 Google", "date": "2014-07", "location": {"lat": 39.92611272523308, "lng": -92.47558884248704}, "pano_id": "zGBtJWq0MbZSWw5hK1gRaQ", "status": "OK", "_file": "gsv_144.jpg"}, {"copyright": "\u00a9 Google", "date": "2014-07", "location": {"lat": 39.92602870768543, "lng": -92.4755782602877}, "pano_id": "_8KOaWTr9c0zYmlOkENgFA", "status": "OK", "_file": "gsv_145.jpg"}, {"copyright": "\u00a9 Google", "date": "2014-07", "location": {"lat": 39.9259447634937, "lng": -92.47556768735377}, "pano_id": "Pj1hxEyTE6N7e6Pa5ZEnig", "status": "OK", "_file": "gsv_146.jpg"}, {"copyright": "\u00a9 Google", "date": "2014-07", "location": {"lat": 39.92586081088762, "lng": -92.47555711338607}, "pano_id": "p4L3vGwws-VG_Jfnytm62A", "status": "OK", "_file": "gsv_147.jpg"}, {"copyright": "\u00a9 Google", "date": "2014-07", "location": {"lat": 39.92577688402434, "lng": -92.47554654268677}, "pano_id": "dJQ2gKlrRSLKoFDBV6lYMA", "status": "OK", "_file": "gsv_148.jpg"}, {"copyright": "\u00a9 Google", "date": "2014-07", "location": {"lat": 39.92569290705923, "lng": -92.47553596570314}, "pano_id": "13ZSGTVqJQ9hwMgJH7SBjw", "status": "OK", "_file": "gsv_149.jpg"}, {"copyright": "\u00a9 Google", "date": "2014-07", "location": {"lat": 39.92560901311235, "lng": -92.47552539920176}, "pano_id": "e-jkzmzMNvrzVn8wGCy1OQ", "status": "OK", "_file": "gsv_150.jpg"}, {"copyright": "\u00a9 Google", "date": "2014-07", "location": {"lat": 39.92552509104046, "lng": -92.47551482918406}, "pano_id": "2_EeVcxuTZ4QxAeAbyUDsg", "status": "OK", "_file": "gsv_151.jpg"}, {"copyright": "\u00a9 Google", "date": "2014-07", "location": {"lat": 39.92544117385874, "lng": -92.4755042598083}, "pano_id": "bN4uwfkKDL-KtUQFAPq8mQ", "status": "OK", "_file": "gsv_152.jpg"}, {"copyright": "\u00a9 Google", "date": "2014-07", "location": {"lat": 39.92535723313139, "lng": -92.47549368749301}, "pano_id": "d4BXFhw7pu_dKQ0pK2GG0Q", "status": "OK", "_file": "gsv_153.jpg"}, {"copyright": "\u00a9 Google", "date": "2014-07", "location": {"lat": 39.92527333177615, "lng": -92.47548312016265}, "pano_id": "qMPLn-Cuf3h48qGGr1w07w", "status": "OK", "_file": "gsv_154.jpg"}, {"copyright": "\u00a9 Google", "date": "2014-07", "location": {"lat": 39.9251894034134, "lng": -92.47547254945675}, "pano_id": "nJcrG5SOIAII2m8YkOSalw", "status": "OK", "_file": "gsv_155.jpg"}, {"copyright": "\u00a9 Google", "date": "2014-07", "location": {"lat": 39.92510559679248, "lng": -92.47546199411012}, "pano_id": "ChWNyX6oQiAyDweuCFrJ7A", "status": "OK", "_file": "gsv_156.jpg"}, {"copyright": "\u00a9 Google", "date": "2014-07", "location": {"lat": 39.92502181374113, "lng": -92.47545144175798}, "pano_id": "tklfeLeCPHFzsy_IJKWL6Q", "status": "OK", "_file": "gsv_157.jpg"}, {"copyright": "\u00a9 Google", "date": "2014-07", "location": {"lat": 39.92493798952605, "lng": -92.4754408842473}, "pano_id": "_HWaj-sYVWMEeeCiAILK6Q", "status": "OK", "_file": "gsv_158.jpg"}, {"copyright": "\u00a9 Google", "date": "2014-07", "location": {"lat": 39.92485427513841, "lng": -92.47543034059512}, "pano_id": "Mj9VG1EsB4GuAV9Yk7Krug", "status": "OK", "_file": "gsv_159.jpg"}, {"copyright": "\u00a9 Google", "date": "2014-07", "location": {"lat": 39.92468681816609, "lng": -92.47540924981713}, "pano_id": "WYUOc80R1XWb6QOdUlrcew", "status": "OK", "_file": "gsv_160.jpg"}, {"copyright": "\u00a9 Google", "date": "2014-07", "location": {"lat": 39.92460312862573, "lng": -92.47539870937212}, "pano_id": "4Bv3YBbucI7VksWBX-dJjA", "status": "OK", "_file": "gsv_161.jpg"}, {"copyright": "\u00a9 Google", "date": "2014-07", "location": {"lat": 39.92451941067289, "lng": -92.47538816537453}, "pano_id": "GgUHZUp9pScUn1F22c9w6g", "status": "OK", "_file": "gsv_162.jpg"}, {"copyright": "\u00a9 Google", "date": "2014-07", "location": {"lat": 39.92443571096604, "lng": -92.47537762370085}, "pano_id": "1ZZBLaa3aZ3Ug4nc_p329g", "status": "OK", "_file": "gsv_163.jpg"}, {"copyright": "\u00a9 Google", "date": "2014-07", "location": {"lat": 39.92435206211031, "lng": -92.47536708845757}, "pano_id": "rj3mBl9XE9cSNepblHBMlQ", "status": "OK", "_file": "gsv_164.jpg"}, {"copyright": "\u00a9 Google", "date": "2014-07", "location": {"lat": 39.92426840470576, "lng": -92.47535655216348}, "pano_id": "G6e-SLfJTcYpPFw2o5Degg", "status": "OK", "_file": "gsv_165.jpg"}, {"copyright": "\u00a9 Google", "date": "2014-07", "location": {"lat": 39.92418476061896, "lng": -92.47534601757253}, "pano_id": "_gl7fT9GpE2f4IdZP6EsWA", "status": "OK", "_file": "gsv_166.jpg"}, {"copyright": "\u00a9 Google", "date": "2014-07", "location": {"lat": 39.92410109822969, "lng": -92.47533548070237}, "pano_id": "hPWrvlwHbtxSScGMRcP6QA", "status": "OK", "_file": "gsv_167.jpg"}, {"copyright": "\u00a9 Google", "date": "2014-07", "location": {"lat": 39.92401741387749, "lng": -92.47532494109194}, "pano_id": "_U3rRWT7f598qQKBkNQQuQ", "status": "OK", "_file": "gsv_168.jpg"}, {"copyright": "\u00a9 Google", "date": "2014-07", "location": {"lat": 39.92393380229236, "lng": -92.47531441067201}, "pano_id": "ufYc2X69rZMgjui22_ofUw", "status": "OK", "_file": "gsv_169.jpg"}, {"copyright": "\u00a9 Google", "date": "2014-07", "location": {"lat": 39.92385012226723, "lng": -92.47530387165831}, "pano_id": "Lr7AaEEEuMK4_P1qi041vg", "status": "OK", "_file": "gsv_170.jpg"}, {"copyright": "\u00a9 Google", "date": "2014-07", "location": {"lat": 39.92376647372498, "lng": -92.47529333663556}, "pano_id": "T64NFnBw36_yy_xrMYguDg", "status": "OK", "_file": "gsv_171.jpg"}, {"copyright": "\u00a9 Google", "date": "2014-07", "location": {"lat": 39.92368285646279, "lng": -92.47528280557819}, "pano_id": "jjoXH7_7nLXZt5IZMQnwgw", "status": "OK", "_file": "gsv_172.jpg"}, {"copyright": "\u00a9 Google", "date": "2014-07", "location": {"lat": 39.92359927692628, "lng": -92.47527227929794}, "pano_id": "7KNRT3pcEW8OA11U-PkBUQ", "status": "OK", "_file": "gsv_173.jpg"}, {"copyright": "\u00a9 Google", "date": "2014-07", "location": {"lat": 39.92351573158674, "lng": -92.4752617573504}, "pano_id": "z3fNoNslqrsMiKniM8S2CA", "status": "OK", "_file": "gsv_174.jpg"}, {"copyright": "\u00a9 Google", "date": "2014-07", "location": {"lat": 39.9232651324777, "lng": -92.47523019631097}, "pano_id": "grUD0pfuxVuufMP0Ol-IlA", "status": "OK", "_file": "gsv_175.jpg"}, {"copyright": "\u00a9 Google", "date": "2014-07", "location": {"lat": 39.92318166636062, "lng": -92.475219684444}, "pano_id": "jbithlTJwkHq3Ur8_TpKZw", "status": "OK", "_file": "gsv_176.jpg"}, {"copyright": "\u00a9 Google", "date": "2014-07", "location": {"lat": 39.92309829479259, "lng": -92.4752091845104}, "pano_id": "V8sNLwMpcD1q0tsbp5qHpQ", "status": "OK", "_file": "gsv_177.jpg"}, {"copyright": "\u00a9 Google", "date": "2014-07", "location": {"lat": 39.92301497781037, "lng": -92.47519869147708}, "pano_id": "ia2nE3dKC0qpKUQAELkFgw", "status": "OK", "_file": "gsv_178.jpg"}, {"copyright": "\u00a9 Google", "date": "2014-07", "location": {"lat": 39.92293170593851, "lng": -92.47518820415064}, "pano_id": "eHI_V3C3zr66kJUAo_ESJg", "status": "OK", "_file": "gsv_179.jpg"}, {"copyright": "\u00a9 Google", "date": "2014-07", "location": {"lat": 39.92284848271345, "lng": -92.47517772297643}, "pano_id": "FBPaYMELZba6LKccSNAUPg", "status": "OK", "_file": "gsv_180.jpg"}, {"copyright": "\u00a9 Google", "date": "2014-07", "location": {"lat": 39.9227653478099, "lng": -92.47516725295102}, "pano_id": "ozRM-TEjFSuCU0fNn2PYWA", "status": "OK", "_file": "gsv_181.jpg"}, {"copyright": "\u00a9 Google", "date": "2014-07", "location": {"lat": 39.92268223592768, "lng": -92.47515678585046}, "pano_id": "ttNIcfHQNUtb5o2ifPMNCQ", "status": "OK", "_file": "gsv_182.jpg"}, {"copyright": "\u00a9 Google", "date": "2014-07", "location": {"lat": 39.92259912721594, "lng": -92.47514631917473}, "pano_id": "cc99DAT3c55e3yRKxuFPyw", "status": "OK", "_file": "gsv_183.jpg"}, {"copyright": "\u00a9 Google", "date": "2014-07", "location": {"lat": 39.92251600637736, "lng": -92.47513586023626}, "pano_id": "T5JAypO5G-U8ULMfoffe4g", "status": "OK", "_file": "gsv_184.jpg"}, {"copyright": "\u00a9 Google", "date": "2014-07", "location": {"lat": 39.92243307178816, "lng": -92.47512540630137}, "pano_id": "gMJ3EXVLTjjp58J0AzK6bA", "status": "OK", "_file": "gsv_185.jpg"}, {"copyright": "\u00a9 Google", "date": "2014-07", "location": {"lat": 39.92226710848659, "lng": -92.47510450513212}, "pano_id": "6U3RLuONTl73bIJsgT78gA", "status": "OK", "_file": "gsv_186.jpg"}, {"copyright": "\u00a9 Google", "date": "2014-07", "location": {"lat": 39.9221843320083, "lng": -92.47509408042467}, "pano_id": "_gYO9OQ84SGLoYBXYZhcng", "status": "OK", "_file": "gsv_187.jpg"}, {"copyright": "\u00a9 Google", "date": "2014-07", "location": {"lat": 39.92210166969902, "lng": -92.47508367012071}, "pano_id": "0EbeOBokOrVdbtnINSIsuw", "status": "OK", "_file": "gsv_188.jpg"}, {"copyright": "\u00a9 Google", "date": "2014-07", "location": {"lat": 39.92201901700233, "lng": -92.47507323761866}, "pano_id": "awxEn-Mfp1Zy5dfrhKxkNw", "status": "OK", "_file": "gsv_189.jpg"}, {"copyright": "\u00a9 Google", "date": "2014-07", "location": {"lat": 39.92201901700233, "lng": -92.47507323761866}, "pano_id": "awxEn-Mfp1Zy5dfrhKxkNw", "status": "OK", "_file": "gsv_190.jpg"}, {"copyright": "\u00a9 Google", "date": "2014-07", "location": {"lat": 39.92193648622699, "lng": -92.47506278048448}, "pano_id": "YHZ2S74HsZZqPFDURE-o4Q", "status": "OK", "_file": "gsv_191.jpg"}, {"copyright": "\u00a9 Google", "date": "2014-07", "location": {"lat": 39.92185390922992, "lng": -92.47505231751907}, "pano_id": "sOxqyzTJ5xsnamcmat3AUA", "status": "OK", "_file": "gsv_192.jpg"}, {"copyright": "\u00a9 Google", "date": "2014-07", "location": {"lat": 39.9217713657737, "lng": -92.47504185882883}, "pano_id": "ypaXhzS-1w_MNH9NnGX28w", "status": "OK", "_file": "gsv_193.jpg"}, {"copyright": "\u00a9 Google", "date": "2014-07", "location": {"lat": 39.92168871401336, "lng": -92.47503138644126}, "pano_id": "YhgDk9ISi2Fl_4Vqo2c5lA", "status": "OK", "_file": "gsv_194.jpg"}, {"copyright": "\u00a9 Google", "date": "2014-07", "location": {"lat": 39.92160605030551, "lng": -92.47502091256528}, "pano_id": "9tis2NS2Ds5cbRge25PgkA", "status": "OK", "_file": "gsv_195.jpg"}, {"copyright": "\u00a9 Google", "date": "2014-07", "location": {"lat": 39.92152329437905, "lng": -92.47501042703026}, "pano_id": "ygpZCMlsCRDYactaO2KWCQ", "status": "OK", "_file": "gsv_196.jpg"}, {"copyright": "\u00a9 Google", "date": "2014-07", "location": {"lat": 39.92144044668634, "lng": -92.47499992989353}, "pano_id": "Pja8AYw-8bLf_ihwiN1Z0Q", "status": "OK", "_file": "gsv_197.jpg"}, {"copyright": "\u00a9 Google", "date": "2014-07", "location": {"lat": 39.92135749128228, "lng": -92.47498941913491}, "pano_id": "xOsN3wv7wo-IraxmE_5D1w", "status": "OK", "_file": "gsv_198.jpg"}, {"copyright": "\u00a9 Google", "date": "2014-07", "location": {"lat": 39.9212744341202, "lng": -92.47497889550883}, "pano_id": "sL4y6ouWFpbnT5P48w8H1g", "status": "OK", "_file": "gsv_199.jpg"}, {"copyright": "\u00a9 Google", "date": "2014-07", "location": {"lat": 39.92119119744601, "lng": -92.47496834916367}, "pano_id": "1o06aOOznErQR3h05RBpRg", "status": "OK", "_file": "gsv_200.jpg"}, {"copyright": "\u00a9 Google", "date": "2014-07", "location": {"lat": 39.92110801598754, "lng": -92.47495780984025}, "pano_id": "V9FgVMTNszRixQUlkRaA3w", "status": "OK", "_file": "gsv_201.jpg"}, {"copyright": "\u00a9 Google", "date": "2014-07", "location": {"lat": 39.92094126599452, "lng": -92.47493668222728}, "pano_id": "oor6paK20iLEgGLM71h3kg", "status": "OK", "_file": "gsv_202.jpg"}, {"copyright": "\u00a9 Google", "date": "2014-07", "location": {"lat": 39.92085774733576, "lng": -92.47492610025729}, "pano_id": "ho06hk67wC8fjWeVDJ_LeQ", "status": "OK", "_file": "gsv_203.jpg"}, {"copyright": "\u00a9 Google", "date": "2014-07", "location": {"lat": 39.92077420334996, "lng": -92.47491551510429}, "pano_id": "3wfORYu482aEnFjxO2XdLQ", "status": "OK", "_file": "gsv_204.jpg"}, {"copyright": "\u00a9 Google", "date": "2014-07", "location": {"lat": 39.92069067117298, "lng": -92.47490493147342}, "pano_id": "Y3tO0T3reurRnP1STNcupg", "status": "OK", "_file": "gsv_205.jpg"}, {"copyright": "\u00a9 Google", "date": "2014-07", "location": {"lat": 39.92060711646526, "lng": -92.47489434501384}, "pano_id": "Oud8ftMyrSIhr4jHiA0JkA", "status": "OK", "_file": "gsv_206.jpg"}, {"copyright": "\u00a9 Google", "date": "2014-07", "location": {"lat": 39.92052358147169, "lng": -92.474883761078}, "pano_id": "Q40s8filgH7fs5t9uoXZvA", "status": "OK", "_file": "gsv_207.jpg"}, {"copyright": "\u00a9 Google", "date": "2014-07", "location": {"lat": 39.92044009260806, "lng": -92.47487318301278}, "pano_id": "c9KSo6G1QxC9qEip76-FtQ", "status": "OK", "_file": "gsv_208.jpg"}, {"copyright": "\u00a9 Google", "date": "2014-07", "location": {"lat": 39.92035666800663, "lng": -92.47486261311549}, "pano_id": "VfX27w7YDzsgGrHV_GxcsA", "status": "OK", "_file": "gsv_209.jpg"}, {"copyright": "\u00a9 Google", "date": "2014-07", "location": {"lat": 39.92027327550537, "lng": -92.47485204731115}, "pano_id": "xn68OpPnDK6fttkW7F8mgA", "status": "OK", "_file": "gsv_210.jpg"}, {"copyright": "\u00a9 Google", "date": "2014-07", "location": {"lat": 39.92018988661658, "lng": -92.47484148199035}, "pano_id": "iS-GFjzZWntnb2cW6AlgEw", "status": "OK", "_file": "gsv_211.jpg"}, {"copyright": "\u00a9 Google", "date": "2014-07", "location": {"lat": 39.92010648631521, "lng": -92.47483091524947}, "pano_id": "TlprC6K8k1J_tPCugoa54g", "status": "OK", "_file": "gsv_212.jpg"}, {"copyright": "\u00a9 Google", "date": "2014-07", "location": {"lat": 39.92002322132493, "lng": -92.47482036567816}, "pano_id": "vFU0ZuGGrbyR3H1js6ZjxQ", "status": "OK", "_file": "gsv_213.jpg"}, {"copyright": "\u00a9 Google", "date": "2014-07", "location": {"lat": 39.91993997539833, "lng": -92.47480981854797}, "pano_id": "wpvG6_p4QYavk4PWQvYSWw", "status": "OK", "_file": "gsv_214.jpg"}, {"copyright": "\u00a9 Google", "date": "2014-07", "location": {"lat": 39.91985677635307, "lng": -92.47479927738331}, "pano_id": "yJYXVd1CgEUoprAL-MXtjg", "status": "OK", "_file": "gsv_215.jpg"}, {"copyright": "\u00a9 Google", "date": "2014-07", "location": {"lat": 39.91977352220751, "lng": -92.47478872926331}, "pano_id": "qcJjVr4qzC9DuBX6PPYd0Q", "status": "OK", "_file": "gsv_216.jpg"}, {"copyright": "\u00a9 Google", "date": "2014-07", "location": {"lat": 39.9196900663056, "lng": -92.47477815560708}, "pano_id": "ifbbWLYGRWEjZumDG5vxGw", "status": "OK", "_file": "gsv_217.jpg"}, {"copyright": "\u00a9 Google", "date": "2014-07", "location": {"lat": 39.91960629659371, "lng": -92.47476754221795}, "pano_id": "GOF62HnG7kM7s5zoZ5LL6g", "status": "OK", "_file": "gsv_218.jpg"}, {"copyright": "\u00a9 Google", "date": "2014-07", "location": {"lat": 39.91952195825598, "lng": -92.47475685681185}, "pano_id": "4PiH1f2Y61MyXKYccfSj9w", "status": "OK", "_file": "gsv_219.jpg"}, {"copyright": "\u00a9 Google", "date": "2014-07", "location": {"lat": 39.91935072926404, "lng": -92.47473516271043}, "pano_id": "AsOIt04tYyWQqrGX0sASxw", "status": "OK", "_file": "gsv_220.jpg"}, {"copyright": "\u00a9 Google", "date": "2014-07", "location": {"lat": 39.91926348151725, "lng": -92.47472410877461}, "pano_id": "-99PXhvj4njLdaJZTKbzKw", "status": "OK", "_file": "gsv_221.jpg"}, {"copyright": "\u00a9 Google", "date": "2014-07", "location": {"lat": 39.91917502971513, "lng": -92.47471290231873}, "pano_id": "jcyv4ILM8bwluH2_DxPesQ", "status": "OK", "_file": "gsv_222.jpg"}, {"copyright": "\u00a9 Google", "date": "2014-07", "location": {"lat": 39.91908548691028, "lng": -92.47470155766722}, "pano_id": "yO1TA3RTHqe2glQnV0Yz7Q", "status": "OK", "_file": "gsv_223.jpg"}, {"copyright": "\u00a9 Google", "date": "2014-07", "location": {"lat": 39.91899524890689, "lng": -92.47469012496747}, "pano_id": "pY4S7XW-0Fmono6YL6vSFg", "status": "OK", "_file": "gsv_224.jpg"}, {"copyright": "\u00a9 Google", "date": "2014-07", "location": {"lat": 39.91890470930851, "lng": -92.4746786540876}, "pano_id": "y7KmKVH6LXg_OGwV17W3vw", "status": "OK", "_file": "gsv_225.jpg"}, {"copyright": "\u00a9 Google", "date": "2014-07", "location": {"lat": 39.91890470930851, "lng": -92.4746786540876}, "pano_id": "y7KmKVH6LXg_OGwV17W3vw", "status": "OK", "_file": "gsv_226.jpg"}, {"copyright": "\u00a9 Google", "date": "2014-07", "location": {"lat": 39.91881421663793, "lng": -92.47466718918368}, "pano_id": "o3vlvxTRR3xOCzcZ5ssztA", "status": "OK", "_file": "gsv_227.jpg"}, {"copyright": "\u00a9 Google", "date": "2014-07", "location": {"lat": 39.9187259, "lng": -92.474656}, "pano_id": "wVoNfs7pxOdnpf7dIeP5eA", "status": "OK", "_file": "gsv_228.jpg"}, {"copyright": "\u00a9 Google", "date": "2014-07", "location": {"lat": 39.9187259, "lng": -92.474656}, "pano_id": "wVoNfs7pxOdnpf7dIeP5eA", "status": "OK", "_file": "gsv_229.jpg"}, {"copyright": "\u00a9 Google", "date": "2014-07", "location": {"lat": 39.91863507139363, "lng": -92.47464456079473}, "pano_id": "Dz7B12tkstCIYmbHit-SxQ", "status": "OK", "_file": "gsv_230.jpg"}, {"copyright": "\u00a9 Google", "date": "2014-07", "location": {"lat": 39.91854704230633, "lng": -92.4746334741977}, "pano_id": "2H1XRBG6NaiIEexpo3INPQ", "status": "OK", "_file": "gsv_231.jpg"}, {"copyright": "\u00a9 Google", "date": "2014-07", "location": {"lat": 39.91846020725722, "lng": -92.47462253800879}, "pano_id": "33rOpbkF01BevZHIackzJw", "status": "OK", "_file": "gsv_232.jpg"}, {"copyright": "\u00a9 Google", "date": "2014-07", "location": {"lat": 39.91828979253611, "lng": -92.47460107570105}, "pano_id": "HgF2XsOJDV0lxsqVrr-51w", "status": "OK", "_file": "gsv_233.jpg"}, {"copyright": "\u00a9 Google", "date": "2014-07", "location": {"lat": 39.91820625521734, "lng": -92.47459055491414}, "pano_id": "JkMNJU9j-vZkA7FOcI3RZg", "status": "OK", "_file": "gsv_234.jpg"}, {"copyright": "\u00a9 Google", "date": "2014-07", "location": {"lat": 39.91812405242454, "lng": -92.47458020222417}, "pano_id": "CWtn9d6-7wpoXCDtJtiuSw", "status": "OK", "_file": "gsv_235.jpg"}, {"copyright": "\u00a9 Google", "date": "2014-07", "location": {"lat": 39.91804320916832, "lng": -92.47457002077975}, "pano_id": "3IFZCpNXc4147HPWrUJ_rA", "status": "OK", "_file": "gsv_236.jpg"}, {"copyright": "\u00a9 Google", "date": "2014-07", "location": {"lat": 39.91796392317707, "lng": -92.4745600354816}, "pano_id": "01JD_DJAwzmkanQytH_ZcQ", "status": "OK", "_file": "gsv_237.jpg"}, {"copyright": "\u00a9 Google", "date": "2014-07", "location": {"lat": 39.91788614687496, "lng": -92.47455024033665}, "pano_id": "2NPRrq5xlUVfnuMCiXx06Q", "status": "OK", "_file": "gsv_238.jpg"}, {"copyright": "\u00a9 Google", "date": "2014-07", "location": {"lat": 39.91765877096064, "lng": -92.47452160474965}, "pano_id": "y6daErMlIUnBoUq3hsf6lg", "status": "OK", "_file": "gsv_239.jpg"}, {"copyright": "\u00a9 Google", "date": "2014-07", "location": {"lat": 39.91758325920178, "lng": -92.47451209488604}, "pano_id": "ON_Asja_ASzRxMJYc_Sk_A", "status": "OK", "_file": "gsv_240.jpg"}, {"copyright": "\u00a9 Google", "date": "2014-07", "location": {"lat": 39.91750691742423, "lng": -92.47450248051226}, "pano_id": "Eha408xu7os9LHgECFqo5Q", "status": "OK", "_file": "gsv_241.jpg"}, {"copyright": "\u00a9 Google", "date": "2014-07", "location": {"lat": 39.91742940379344, "lng": -92.47449273905845}, "pano_id": "B313wPyk7QX3FkWwB-Blrg", "status": "OK", "_file": "gsv_242.jpg"}, {"copyright": "\u00a9 Google", "date": "2014-07", "location": {"lat": 39.91735041681675, "lng": -92.47448283917934}, "pano_id": "2TOcVUxSonBQQaUi4R4jzA", "status": "OK", "_file": "gsv_243.jpg"}, {"copyright": "\u00a9 Google", "date": "2014-07", "location": {"lat": 39.9172025, "lng": -92.4744643}, "pano_id": "hkckaSu6ShcRGeZ6a9EhsA", "status": "OK", "_file": "gsv_244.jpg"}, {"copyright": "\u00a9 Google", "date": "2014-07", "location": {"lat": 39.91711299659907, "lng": -92.4744528657554}, "pano_id": "s6AWdvSCIPFsIV3JyGhRrg", "status": "OK", "_file": "gsv_245.jpg"}, {"copyright": "\u00a9 Google", "date": "2014-07", "location": {"lat": 39.91703244353825, "lng": -92.47444257493525}, "pano_id": "QUOAj416xZTqQMo2-Ftf-A", "status": "OK", "_file": "gsv_246.jpg"}, {"copyright": "\u00a9 Google", "date": "2014-07", "location": {"lat": 39.91694294013732, "lng": -92.47443114069065}, "pano_id": "iyvELVb6BkachavUv1Kj9A", "status": "OK", "_file": "gsv_247.jpg"}, {"copyright": "\u00a9 Google", "date": "2014-07", "location": {"lat": 39.91685665882539, "lng": -92.47442011783653}, "pano_id": "L-6I-LdLKckGf7da1L6ohg", "status": "OK", "_file": "gsv_248.jpg"}, {"copyright": "\u00a9 Google", "date": "2014-07", "location": {"lat": 39.91677307132114, "lng": -92.47440943936971}, "pano_id": "lWPw3s1-Z1DYRp_bMnEsyw", "status": "OK", "_file": "gsv_249.jpg"}, {"copyright": "\u00a9 Google", "date": "2014-07", "location": {"lat": 39.91668945461495, "lng": -92.47439875719849}, "pano_id": "LusbJry8cdV_AgKq8oZEng", "status": "OK", "_file": "gsv_250.jpg"}, {"copyright": "\u00a9 Google", "date": "2014-07", "location": {"lat": 39.91660585676665, "lng": -92.47438807746259}, "pano_id": "4qZAW0iUrGIk1kuMTlOv6w", "status": "OK", "_file": "gsv_251.jpg"}, {"copyright": "\u00a9 Google", "date": "2014-07", "location": {"lat": 39.91652235905612, "lng": -92.47437741054559}, "pano_id": "DCnkp_9UbwxUoe3W0Mcv6w", "status": "OK", "_file": "gsv_252.jpg"}, {"copyright": "\u00a9 Google", "date": "2014-07", "location": {"lat": 39.91652235905612, "lng": -92.47437741054559}, "pano_id": "DCnkp_9UbwxUoe3W0Mcv6w", "status": "OK", "_file": "gsv_253.jpg"}, {"copyright": "\u00a9 Google", "date": "2014-07", "location": {"lat": 39.91643888153356, "lng": -92.47436653590697}, "pano_id": "MksNpLezbfrw5zo0Lkna2Q", "status": "OK", "_file": "gsv_254.jpg"}, {"copyright": "\u00a9 Google", "date": "2014-07", "location": {"lat": 39.91635543671788, "lng": -92.47435552838911}, "pano_id": "eM0BfUcuVITgaX7ErUbEMw", "status": "OK", "_file": "gsv_255.jpg"}, {"copyright": "\u00a9 Google", "date": "2014-07", "location": {"lat": 39.91627207510167, "lng": -92.47434453187333}, "pano_id": "tRDvWdLVobVYHGq4H2bIBQ", "status": "OK", "_file": "gsv_256.jpg"}, {"copyright": "\u00a9 Google", "date": "2014-07", "location": {"lat": 39.91618873622111, "lng": -92.47433353838359}, "pano_id": "ZeEgcZLEtN4fhfJSQ8w-bQ", "status": "OK", "_file": "gsv_257.jpg"}, {"copyright": "\u00a9 Google", "date": "2014-07", "location": {"lat": 39.91610544294002, "lng": -92.47432255093588}, "pano_id": "FwKqciGXxoGnCTl8GYzQmA", "status": "OK", "_file": "gsv_258.jpg"}, {"copyright": "\u00a9 Google", "date": "2014-07", "location": {"lat": 39.91602222387947, "lng": -92.47431157330563}, "pano_id": "ft_Q6i_rDWPEZF8wUelGuw", "status": "OK", "_file": "gsv_259.jpg"}, {"copyright": "\u00a9 Google", "date": "2014-07", "location": {"lat": 39.91593903622, "lng": -92.47430059984437}, "pano_id": "Fex1BOa2nNCIGLR7w5SaLA", "status": "OK", "_file": "gsv_260.jpg"}, {"copyright": "\u00a9 Google", "date": "2014-07", "location": {"lat": 39.91585588314641, "lng": -92.47428963097221}, "pano_id": "CV2mOKfjsc2cQu2BLLy_TA", "status": "OK", "_file": "gsv_261.jpg"}, {"copyright": "\u00a9 Google", "date": "2014-07", "location": {"lat": 39.91577261482135, "lng": -92.4742786469238}, "pano_id": "8EmMc1xL6z8ZzapW-TN1cQ", "status": "OK", "_file": "gsv_262.jpg"}, {"copyright": "\u00a9 Google", "date": "2014-07", "location": {"lat": 39.91560633838892, "lng": -92.47425671323309}, "pano_id": "r8e5qm4RNzj7a5AJQPrjxA", "status": "OK", "_file": "gsv_263.jpg"}, {"copyright": "\u00a9 Google", "date": "2014-07", "location": {"lat": 39.91552310981932, "lng": -92.47424573450931}, "pano_id": "iAcWSk0EyM0VAC6TQyU5XQ", "status": "OK", "_file": "gsv_264.jpg"}, {"copyright": "\u00a9 Google", "date": "2014-07", "location": {"lat": 39.91543986720671, "lng": -92.47423475395995}, "pano_id": "9cPDqX9dWYqLienEpViycQ", "status": "OK", "_file": "gsv_265.jpg"}, {"copyright": "\u00a9 Google", "date": "2014-07", "location": {"lat": 39.91535663033707, "lng": -92.47422377419497}, "pano_id": "ovmM1aGlidxe7GuDVBLk_g", "status": "OK", "_file": "gsv_266.jpg"}, {"copyright": "\u00a9 Google", "date": "2014-07", "location": {"lat": 39.9152732835236, "lng": -92.47421277995419}, "pano_id": "DUmuKUrvXemCZfyHVw5F2A", "status": "OK", "_file": "gsv_267.jpg"}, {"copyright": "\u00a9 Google", "date": "2014-07", "location": {"lat": 39.91518982389658, "lng": -92.47420177085918}, "pano_id": "YRyS4ihqVKIGB5CYI3iRKw", "status": "OK", "_file": "gsv_268.jpg"}, {"copyright": "\u00a9 Google", "date": "2014-07", "location": {"lat": 39.91510620012566, "lng": -92.47419074013912}, "pano_id": "UgoVyHmLEmtgEtZG6QzqZA", "status": "OK", "_file": "gsv_269.jpg"}, {"copyright": "\u00a9 Google", "date": "2014-07", "location": {"lat": 39.91502244023486, "lng": -92.47417969149078}, "pano_id": "yFrhb5bkIVtRkVR4RhbbdQ", "status": "OK", "_file": "gsv_270.jpg"}, {"copyright": "\u00a9 Google", "date": "2014-07", "location": {"lat": 39.91493869743061, "lng": -92.47416864512346}, "pano_id": "qA6NqSxwXd5d27ExEFfz6g", "status": "OK", "_file": "gsv_271.jpg"}, {"copyright": "\u00a9 Google", "date": "2014-07", "location": {"lat": 39.91493869743061, "lng": -92.47416864512346}, "pano_id": "qA6NqSxwXd5d27ExEFfz6g", "status": "OK", "_file": "gsv_272.jpg"}, {"copyright": "\u00a9 Google", "date": "2014-07", "location": {"lat": 39.91485477324937, "lng": -92.47415818815641}, "pano_id": "dWJTVh65kXMaoREC0Zb9PQ", "status": "OK", "_file": "gsv_273.jpg"}, {"copyright": "\u00a9 Google", "date": "2014-07", "location": {"lat": 39.91477095090473, "lng": -92.47414782862852}, "pano_id": "OKzCCiCkQcBiW1ajFRb9eQ", "status": "OK", "_file": "gsv_274.jpg"}, {"copyright": "\u00a9 Google", "date": "2014-07", "location": {"lat": 39.91468722552888, "lng": -92.47413748111035}, "pano_id": "lIlixB8OzqCyj7ocGmxoUQ", "status": "OK", "_file": "gsv_275.jpg"}, {"copyright": "\u00a9 Google", "date": "2014-07", "location": {"lat": 39.91460344307283, "lng": -92.47412712656315}, "pano_id": "2GKDtJB1fT8bXqfrkn88hg", "status": "OK", "_file": "gsv_276.jpg"}, {"copyright": "\u00a9 Google", "date": "2014-07", "location": {"lat": 39.91451971369541, "lng": -92.47411677860126}, "pano_id": "xgGtBcNf0nDE1NuPfRx1Sg", "status": "OK", "_file": "gsv_277.jpg"}, {"copyright": "\u00a9 Google", "date": "2014-07", "location": {"lat": 39.91443591707836, "lng": -92.4741064223548}, "pano_id": "edFQAugWmZpuqvdG3QZzLw", "status": "OK", "_file": "gsv_278.jpg"}, {"copyright": "\u00a9 Google", "date": "2014-07", "location": {"lat": 39.91435199082575, "lng": -92.47409605011248}, "pano_id": "tfzIYTkmiKJgV9PmluVv5Q", "status": "OK", "_file": "gsv_279.jpg"}, {"copyright": "\u00a9 Google", "date": "2014-07", "location": {"lat": 39.91426821360217, "lng": -92.47408569631375}, "pano_id": "InO0AiQBws-yVIFlNOluWA", "status": "OK", "_file": "gsv_280.jpg"}, {"copyright": "\u00a9 Google", "date": "2014-07", "location": {"lat": 39.91418419003884, "lng": -92.47407531209613}, "pano_id": "jtcpCmdUQ7adm6VfLzey2A", "status": "OK", "_file": "gsv_281.jpg"}, {"copyright": "\u00a9 Google", "date": "2014-07", "location": {"lat": 39.91401600034785, "lng": -92.47405452611866}, "pano_id": "bNNj5jxHZ19qOxvUDssJtg", "status": "OK", "_file": "gsv_282.jpg"}, {"copyright": "\u00a9 Google", "date": "2014-07", "location": {"lat": 39.91393173710452, "lng": -92.4740441123568}, "pano_id": "jmjfgQB9D1DLD1MlbVfAQQ", "status": "OK", "_file": "gsv_283.jpg"}, {"copyright": "\u00a9 Google", "date": "2014-07", "location": {"lat": 39.91384758980552, "lng": -92.4740337129497}, "pano_id": "W-A47tFY59JBnn-lNtz_oA", "status": "OK", "_file": "gsv_284.jpg"}, {"copyright": "\u00a9 Google", "date": "2014-07", "location": {"lat": 39.91376331522094, "lng": -92.47402329783766}, "pano_id": "TI_U48zlFGxMXR9e1ytGNg", "status": "OK", "_file": "gsv_285.jpg"}, {"copyright": "\u00a9 Google", "date": "2014-07", "location": {"lat": 39.91367897118505, "lng": -92.47401287416822}, "pano_id": "vvP_PXl5vvQRQPndM8WTEA", "status": "OK", "_file": "gsv_286.jpg"}, {"copyright": "\u00a9 Google", "date": "2014-07", "location": {"lat": 39.91359461783856, "lng": -92.47400244937393}, "pano_id": "MTaDfan5_VtcEOU-ldWhwQ", "status": "OK", "_file": "gsv_287.jpg"}, {"copyright": "\u00a9 Google", "date": "2014-07", "location": {"lat": 39.91359461783856, "lng": -92.47400244937393}, "pano_id": "MTaDfan5_VtcEOU-ldWhwQ", "status": "OK", "_file": "gsv_288.jpg"}, {"copyright": "\u00a9 Google", "date": "2014-07", "location": {"lat": 39.91351026730854, "lng": -92.4739919586852}, "pano_id": "f-48xkcf2rVPYsrG189WjA", "status": "OK", "_file": "gsv_289.jpg"}, {"copyright": "\u00a9 Google", "date": "2014-07", "location": {"lat": 39.91342587492495, "lng": -92.47398146119217}, "pano_id": "l941GBHXGjsEiFkfjQVi3Q", "status": "OK", "_file": "gsv_290.jpg"}, {"copyright": "\u00a9 Google", "date": "2014-07", "location": {"lat": 39.91334153107901, "lng": -92.47397096976266}, "pano_id": "gTLO5iDniKqWm6A92JdZRg", "status": "OK", "_file": "gsv_291.jpg"}, {"copyright": "\u00a9 Google", "date": "2014-07", "location": {"lat": 39.91325706709075, "lng": -92.4739604634148}, "pano_id": "4pgUOL5stWJIBfpW0czxZg", "status": "OK", "_file": "gsv_292.jpg"}, {"copyright": "\u00a9 Google", "date": "2014-07", "location": {"lat": 39.91317271803284, "lng": -92.47394997138895}, "pano_id": "fk72LWoBLEZnh3_YaTnbqg", "status": "OK", "_file": "gsv_293.jpg"}, {"copyright": "\u00a9 Google", "date": "2014-07", "location": {"lat": 39.91308830319889, "lng": -92.4739394712073}, "pano_id": "Q40RUDFWD1IVJ3l-Mu9TIQ", "status": "OK", "_file": "gsv_294.jpg"}, {"copyright": "\u00a9 Google", "date": "2014-07", "location": {"lat": 39.91300393663975, "lng": -92.47392897705645}, "pano_id": "DHlSRxHD3dx14OKB8kj0Wg", "status": "OK", "_file": "gsv_295.jpg"}, {"copyright": "\u00a9 Google", "date": "2014-07", "location": {"lat": 39.91291952055794, "lng": -92.47391847677157}, "pano_id": "znrZqHIGF8YjBitUmvUcWw", "status": "OK", "_file": "gsv_296.jpg"}, {"copyright": "\u00a9 Google", "date": "2014-07", "location": {"lat": 39.91283515686696, "lng": -92.47390798302945}, "pano_id": "sFhCCKT7eU5_0JeQ1C1kow", "status": "OK", "_file": "gsv_297.jpg"}, {"copyright": "\u00a9 Google", "date": "2014-07", "location": {"lat": 39.9127506735017, "lng": -92.4738974744274}, "pano_id": "9IjDmM2iH02FmnQlGViOvw", "status": "OK", "_file": "gsv_298.jpg"}, {"copyright": "\u00a9 Google", "date": "2014-07", "location": {"lat": 39.91266623597391, "lng": -92.47388697155296}, "pano_id": "aaCfqww2ycj5lUOG0Fctkg", "status": "OK", "_file": "gsv_299.jpg"}, {"copyright": "\u00a9 Google", "date": "2014-07", "location": {"lat": 39.91258179197986, "lng": -92.47387646790021}, "pano_id": "Ljv2mNMYYo80z7OAtOzczg", "status": "OK", "_file": "gsv_300.jpg"}, {"copyright": "\u00a9 Google", "date": "2014-07", "location": {"lat": 39.91249731966222, "lng": -92.47386596075043}, "pano_id": "bcy9eSqdxby5mGyVD0tncA", "status": "OK", "_file": "gsv_301.jpg"}, {"copyright": "\u00a9 Google", "date": "2014-07", "location": {"lat": 39.91241278337112, "lng": -92.47385544566933}, "pano_id": "ND233hTm0b06H6uYZ-qZXA", "status": "OK", "_file": "gsv_302.jpg"}, {"copyright": "\u00a9 Google", "date": "2014-07", "location": {"lat": 39.91232823149269, "lng": -92.47384492867549}, "pano_id": "Nxp8BsTlSnuFEU-UXmBqWg", "status": "OK", "_file": "gsv_303.jpg"}, {"copyright": "\u00a9 Google", "date": "2014-07", "location": {"lat": 39.91215910317586, "lng": -92.47382389171116}, "pano_id": "BgbbKj1MdymyqxLsa9-EjA", "status": "OK", "_file": "gsv_304.jpg"}, {"copyright": "\u00a9 Google", "date": "2014-07", "location": {"lat": 39.91207453940291, "lng": -92.47381337331608}, "pano_id": "P_tj9VBZXDhJKYZc9joSrA", "status": "OK", "_file": "gsv_305.jpg"}, {"copyright": "\u00a9 Google", "date": "2014-07", "location": {"lat": 39.91198999232834, "lng": -92.4738028570241}, "pano_id": "czYO_b_zq4owhAim9kc0KQ", "status": "OK", "_file": "gsv_306.jpg"}, {"copyright": "\u00a9 Google", "date": "2014-07", "location": {"lat": 39.91190553732607, "lng": -92.47379235221045}, "pano_id": "VLKW20ehvEWGfxg4zNMqLA", "status": "OK", "_file": "gsv_307.jpg"}, {"copyright": "\u00a9 Google", "date": "2014-07", "location": {"lat": 39.91182114729268, "lng": -92.47378185550386}, "pano_id": "ZtE_6KyJX53unUB1LB8B2w", "status": "OK", "_file": "gsv_308.jpg"}, {"copyright": "\u00a9 Google", "date": "2014-07", "location": {"lat": 39.91173673141231, "lng": -92.47377135560833}, "pano_id": "jqXBXOy2OFFvF1YKIn32-w", "status": "OK", "_file": "gsv_309.jpg"}]